Date,Oil,SP500,NASDAQ
2020-01-02,66.25,3257.85009765625,9092.1904296875
2020-01-03,68.5999984741211,3234.85009765625,9020.76953125
2020-01-06,68.91000366210938,3246.280029296875,9071.4697265625
2020-01-07,68.2699966430664,3237.179931640625,9068.580078125
2020-01-08,65.44000244140625,3253.050048828125,9129.240234375
2020-01-09,65.37000274658203,3274.699951171875,9203.4296875
2020-01-10,64.9800033569336,3265.35009765625,9178.8603515625
2020-01-13,64.19999694824219,3288.1298828125,9273.9296875
2020-01-14,64.48999786376953,3283.14990234375,9251.330078125
2020-01-15,64.0,3289.2900390625,9258.7001953125
2020-01-16,64.62000274658203,3316.81005859375,9357.1298828125
2020-01-17,64.8499984741211,3329.6201171875,9388.9404296875
2020-01-21,64.58999633789062,3320.7900390625,9370.8095703125
2020-01-22,63.209999084472656,3321.75,9383.76953125
2020-01-23,62.040000915527344,3325.5400390625,9402.48046875
2020-01-24,60.689998626708984,3295.469970703125,9314.91015625
2020-01-27,59.31999969482422,3243.6298828125,9139.3095703125
2020-01-28,59.5099983215332,3276.239990234375,9269.6796875
2020-01-29,59.810001373291016,3273.39990234375,9275.16015625
2020-01-30,58.290000915527344,3283.659912109375,9298.9296875
2020-01-31,58.15999984741211,3225.52001953125,9150.9404296875
2020-02-03,54.45000076293945,3248.919921875,9273.400390625
2020-02-04,53.959999084472656,3297.590087890625,9467.9697265625
2020-02-05,55.279998779296875,3334.68994140625,9508.6796875
2020-02-06,54.93000030517578,3345.780029296875,9572.150390625
2020-02-07,54.470001220703125,3327.7099609375,9520.509765625
2020-02-10,53.27000045776367,3352.090087890625,9628.3896484375
2020-02-11,54.0099983215332,3357.75,9638.9404296875
2020-02-12,55.790000915527344,3379.449951171875,9725.9599609375
2020-02-13,56.34000015258789,3373.93994140625,9711.9697265625
2020-02-14,57.31999969482422,3380.159912109375,9731.1796875
2020-02-18,57.75,3370.2900390625,9732.740234375
2020-02-19,59.119998931884766,3386.14990234375,9817.1796875
2020-02-20,59.310001373291016,3373.22998046875,9750.9697265625
2020-02-21,58.5,3337.75,9576.58984375
2020-02-24,56.29999923706055,3225.889892578125,9221.2802734375
2020-02-25,54.95000076293945,3128.2099609375,8965.6103515625
2020-02-26,53.43000030517578,3116.389892578125,8980.7802734375
2020-02-27,52.18000030517578,2978.760009765625,8566.48046875
2020-02-28,50.52000045776367,2954.219970703125,8567.3701171875
2020-03-02,51.900001525878906,3090.22998046875,8952.169921875
2020-03-03,51.86000061035156,3003.3701171875,8684.08984375
2020-03-04,51.130001068115234,3130.1201171875,9018.08984375
2020-03-05,49.9900016784668,3023.93994140625,8738.58984375
2020-03-06,45.27000045776367,2972.3701171875,8575.6201171875
2020-03-09,34.36000061035156,2746.56005859375,7950.68017578125
2020-03-10,37.220001220703125,2882.22998046875,8344.25
2020-03-11,35.790000915527344,2741.3798828125,7952.0498046875
2020-03-12,33.220001220703125,2480.639892578125,7201.7998046875
2020-03-13,33.849998474121094,2711.02001953125,7874.8798828125
2020-03-16,30.049999237060547,2386.1298828125,6904.58984375
2020-03-17,28.729999542236328,2529.18994140625,7334.77978515625
2020-03-18,24.8799991607666,2398.10009765625,6989.83984375
2020-03-19,28.469999313354492,2409.389892578125,7150.580078125
2020-03-20,26.979999542236328,2304.919921875,6879.52001953125
2020-03-23,27.030000686645508,2237.39990234375,6860.669921875
2020-03-24,27.149999618530273,2447.330078125,7417.85986328125
2020-03-25,27.389999389648438,2475.56005859375,7384.2998046875
2020-03-26,26.34000015258789,2630.070068359375,7797.5400390625
2020-03-27,24.93000030517578,2541.469970703125,7502.3798828125
2020-03-30,22.760000228881836,2626.64990234375,7774.14990234375
2020-03-31,22.739999771118164,2584.590087890625,7700.10009765625
2020-04-01,24.739999771118164,2470.5,7360.580078125
2020-04-02,29.940000534057617,2526.89990234375,7487.31005859375
2020-04-03,34.11000061035156,2488.64990234375,7373.080078125
2020-04-06,33.04999923706055,2663.679931640625,7913.240234375
2020-04-07,31.8700008392334,2659.409912109375,7887.259765625
2020-04-08,32.84000015258789,2749.97998046875,8090.89990234375
2020-04-09,31.479999542236328,2789.820068359375,8153.580078125
2020-04-13,31.739999771118164,2761.6298828125,8192.419921875
2020-04-14,29.600000381469727,2846.06005859375,8515.740234375
2020-04-15,27.690000534057617,2783.360107421875,8393.1796875
2020-04-16,27.81999969482422,2799.550048828125,8532.3603515625
2020-04-17,28.079999923706055,2874.56005859375,8650.1396484375
2020-04-20,25.56999969482422,2823.159912109375,8560.73046875
2020-04-21,19.329999923706055,2736.56005859375,8263.23046875
2020-04-22,20.3700008392334,2799.31005859375,8495.3798828125
2020-04-23,21.329999923706055,2797.800048828125,8494.75
2020-04-24,21.440000534057617,2836.739990234375,8634.51953125
2020-04-27,19.989999771118164,2878.47998046875,8730.16015625
2020-04-28,20.459999084472656,2863.389892578125,8607.73046875
2020-04-29,22.540000915527344,2939.510009765625,8914.7099609375
2020-04-30,25.270000457763672,2912.429931640625,8889.5498046875
2020-05-01,26.440000534057617,2830.7099609375,8604.9501953125
2020-05-04,27.200000762939453,2842.739990234375,8710.7099609375
2020-05-05,30.969999313354492,2868.43994140625,8809.1201171875
2020-05-06,29.719999313354492,2848.419921875,8854.3896484375
2020-05-07,29.459999084472656,2881.18994140625,8979.66015625
2020-05-08,30.969999313354492,2929.800048828125,9121.3203125
2020-05-11,29.6299991607666,2930.18994140625,9192.33984375
2020-05-12,29.979999542236328,2870.1201171875,9002.5498046875
2020-05-13,29.190000534057617,2820.0,8863.169921875
2020-05-14,31.1299991607666,2852.5,8943.7197265625
2020-05-15,32.5,2863.699951171875,9014.5595703125
2020-05-18,34.810001373291016,2953.909912109375,9234.830078125
2020-05-19,34.650001525878906,2922.93994140625,9185.099609375
2020-05-20,35.75,2971.610107421875,9375.7802734375
2020-05-21,36.060001373291016,2948.510009765625,9284.8798828125
2020-05-22,35.130001068115234,2955.449951171875,9324.58984375
2020-05-26,36.16999816894531,2991.77001953125,9340.2197265625
2020-05-27,34.7400016784668,3036.1298828125,9412.3603515625
2020-05-28,35.290000915527344,3029.72998046875,9368.990234375
2020-05-29,35.33000183105469,3044.31005859375,9489.8701171875
2020-06-01,38.31999969482422,3055.72998046875,9552.0498046875
2020-06-02,39.56999969482422,3080.820068359375,9608.3798828125
2020-06-03,39.790000915527344,3122.8701171875,9682.91015625
2020-06-04,39.9900016784668,3112.35009765625,9615.8095703125
2020-06-05,42.29999923706055,3193.929931640625,9814.080078125
2020-06-08,40.79999923706055,3232.389892578125,9924.75
2020-06-09,41.18000030517578,3207.179931640625,9953.75
2020-06-10,41.72999954223633,3190.139892578125,10020.349609375
2020-06-11,38.54999923706055,3002.10009765625,9492.73046875
2020-06-12,38.72999954223633,3041.31005859375,9588.8095703125
2020-06-15,39.720001220703125,3066.590087890625,9726.01953125
2020-06-16,40.959999084472656,3124.739990234375,9895.8701171875
2020-06-17,40.709999084472656,3113.489990234375,9910.5302734375
2020-06-18,41.5099983215332,3115.340087890625,9943.0498046875
2020-06-19,42.189998626708984,3097.739990234375,9946.1201171875
2020-06-22,43.08000183105469,3117.860107421875,10056.48046875
2020-06-23,42.630001068115234,3131.2900390625,10131.3701171875
2020-06-24,40.310001373291016,3050.330078125,9909.169921875
2020-06-25,41.04999923706055,3083.760009765625,10017.0
2020-06-26,41.02000045776367,3009.050048828125,9757.2197265625
2020-06-29,41.709999084472656,3053.239990234375,9874.150390625
2020-06-30,41.150001525878906,3100.2900390625,10058.76953125
2020-07-01,42.029998779296875,3115.860107421875,10154.6298828125
2020-07-02,43.13999938964844,3130.010009765625,10207.6298828125
2020-07-06,43.099998474121094,3179.719970703125,10433.650390625
2020-07-07,43.08000183105469,3145.320068359375,10343.8896484375
2020-07-08,43.290000915527344,3169.93994140625,10492.5
2020-07-09,42.349998474121094,3152.050048828125,10547.75
2020-07-10,43.2400016784668,3185.0400390625,10617.4404296875
2020-07-13,42.720001220703125,3155.219970703125,10390.83984375
2020-07-14,42.900001525878906,3197.52001953125,10488.580078125
2020-07-15,43.790000915527344,3226.56005859375,10550.490234375
2020-07-16,43.369998931884766,3215.570068359375,10473.830078125
2020-07-17,43.13999938964844,3224.72998046875,10503.1904296875
2020-07-20,43.279998779296875,3251.840087890625,10767.08984375
2020-07-21,44.31999969482422,3257.300048828125,10680.3603515625
2020-07-22,44.290000915527344,3276.02001953125,10706.1298828125
2020-07-23,43.310001373291016,3235.659912109375,10461.419921875
2020-07-24,43.34000015258789,3215.6298828125,10363.1796875
2020-07-27,43.40999984741211,3239.409912109375,10536.26953125
2020-07-28,43.220001220703125,3218.43994140625,10402.08984375
2020-07-29,43.75,3258.43994140625,10542.9404296875
2020-07-30,42.939998626708984,3246.219970703125,10587.8095703125
2020-07-31,43.29999923706055,3271.1201171875,10745.26953125
2020-08-03,44.150001525878906,3294.610107421875,10902.7998046875
2020-08-04,44.43000030517578,3306.510009765625,10941.169921875
2020-08-05,45.16999816894531,3327.77001953125,10998.400390625
2020-08-06,45.09000015258789,3349.159912109375,11108.0703125
2020-08-07,44.400001525878906,3351.280029296875,11010.98046875
2020-08-10,44.9900016784668,3360.469970703125,10968.3603515625
2020-08-11,44.5,3333.68994140625,10782.8203125
2020-08-12,45.43000030517578,3380.35009765625,11012.240234375
2020-08-13,44.959999084472656,3373.429931640625,11042.5
2020-08-14,44.79999923706055,3372.85009765625,11019.2998046875
2020-08-17,45.369998931884766,3381.989990234375,11129.73046875
2020-08-18,45.459999084472656,3389.780029296875,11210.83984375
2020-08-19,45.369998931884766,3374.85009765625,11146.4599609375
2020-08-20,44.900001525878906,3385.510009765625,11264.9501953125
2020-08-21,44.349998474121094,3397.159912109375,11311.7998046875
2020-08-24,45.130001068115234,3431.280029296875,11379.7197265625
2020-08-25,45.86000061035156,3443.6201171875,11466.4697265625
2020-08-26,45.63999938964844,3478.72998046875,11665.0595703125
2020-08-27,45.09000015258789,3484.550048828125,11625.33984375
2020-08-28,45.04999923706055,3508.010009765625,11695.6298828125
2020-08-31,45.279998779296875,3500.31005859375,11775.4599609375
2020-09-01,45.58000183105469,3526.64990234375,11939.669921875
2020-09-02,44.43000030517578,3580.840087890625,12056.4404296875
2020-09-03,44.06999969482422,3455.06005859375,11458.099609375
2020-09-04,42.65999984741211,3426.9599609375,11313.1298828125
2020-09-08,39.779998779296875,3331.840087890625,10847.6904296875
2020-09-09,40.790000915527344,3398.9599609375,11141.5595703125
2020-09-10,40.060001373291016,3339.18994140625,10919.58984375
2020-09-11,39.83000183105469,3340.969970703125,10853.5498046875
2020-09-14,39.61000061035156,3383.5400390625,11056.650390625
2020-09-15,40.529998779296875,3401.199951171875,11190.3203125
2020-09-16,42.220001220703125,3385.489990234375,11050.4697265625
2020-09-17,43.29999923706055,3357.010009765625,10910.2802734375
2020-09-18,43.150001525878906,3319.469970703125,10793.2802734375
2020-09-21,41.439998626708984,3281.06005859375,10778.7998046875
2020-09-22,41.720001220703125,3315.570068359375,10963.6396484375
2020-09-23,41.77000045776367,3236.919921875,10632.990234375
2020-09-24,41.939998626708984,3246.590087890625,10672.26953125
2020-09-25,41.91999816894531,3298.4599609375,10913.5595703125
2020-09-28,42.43000030517578,3351.60009765625,11117.5302734375
2020-09-29,41.029998779296875,3335.469970703125,11085.25
2020-09-30,40.95000076293945,3363.0,11167.509765625
2020-10-01,40.93000030517578,3380.800048828125,11326.509765625
2020-10-02,39.27000045776367,3348.419921875,11075.01953125
2020-10-05,41.290000915527344,3408.60009765625,11332.490234375
2020-10-06,42.650001525878906,3360.969970703125,11154.599609375
2020-10-07,41.9900016784668,3419.43994140625,11364.599609375
2020-10-08,43.34000015258789,3446.830078125,11420.98046875
2020-10-09,42.849998474121094,3477.139892578125,11579.9404296875
2020-10-12,41.720001220703125,3534.219970703125,11876.259765625
2020-10-13,42.45000076293945,3511.929931640625,11863.900390625
2020-10-14,43.31999969482422,3488.669921875,11768.73046875
2020-10-15,43.15999984741211,3483.340087890625,11713.8701171875
2020-10-16,42.93000030517578,3483.81005859375,11671.5595703125
2020-10-19,42.619998931884766,3426.919921875,11478.8798828125
2020-10-20,43.15999984741211,3443.1201171875,11516.490234375
2020-10-21,41.72999954223633,3435.56005859375,11484.6904296875
2020-10-22,42.459999084472656,3453.489990234375,11506.009765625
2020-10-23,41.77000045776367,3465.389892578125,11548.2802734375
2020-10-26,40.459999084472656,3400.969970703125,11358.9404296875
2020-10-27,41.20000076293945,3390.679931640625,11431.349609375
2020-10-28,39.119998931884766,3271.030029296875,11004.8701171875
2020-10-29,37.650001525878906,3310.110107421875,11185.58984375
2020-10-30,37.459999084472656,3269.9599609375,10911.58984375
2020-11-02,38.970001220703125,3310.239990234375,10957.6103515625
2020-11-03,39.709999084472656,3369.159912109375,11160.5703125
2020-11-04,41.22999954223633,3443.43994140625,11590.7802734375
2020-11-05,40.93000030517578,3510.449951171875,11890.9296875
2020-11-06,39.45000076293945,3509.43994140625,11895.23046875
2020-11-09,42.400001525878906,3550.5,11713.7802734375
2020-11-10,43.61000061035156,3545.530029296875,11553.8603515625
2020-11-11,43.79999923706055,3572.659912109375,11786.4296875
2020-11-12,43.529998779296875,3537.010009765625,11709.58984375
2020-11-13,42.779998779296875,3585.14990234375,11829.2900390625
2020-11-16,43.81999969482422,3626.909912109375,11924.1298828125
2020-11-17,43.75,3609.530029296875,11899.33984375
2020-11-18,44.34000015258789,3567.7900390625,11801.599609375
2020-11-19,44.20000076293945,3581.8701171875,11904.7099609375
2020-11-20,44.959999084472656,3557.5400390625,11854.9697265625
2020-11-23,46.060001373291016,3577.590087890625,11880.6298828125
2020-11-24,47.86000061035156,3635.409912109375,12036.7900390625
2020-11-25,48.61000061035156,3629.64990234375,12094.400390625
2020-11-27,48.18000030517578,3638.35009765625,12205.849609375
2020-11-30,47.59000015258789,3621.6298828125,12198.740234375
2020-12-01,47.41999816894531,3662.449951171875,12355.1103515625
2020-12-02,48.25,3669.010009765625,12349.3701171875
2020-12-03,48.709999084472656,3666.719970703125,12377.1796875
2020-12-04,49.25,3699.1201171875,12464.23046875
2020-12-07,48.790000915527344,3691.9599609375,12519.9501953125
2020-12-08,48.84000015258789,3702.25,12582.76953125
2020-12-09,48.86000061035156,3672.820068359375,12338.9501953125
2020-12-10,50.25,3668.10009765625,12405.8095703125
2020-12-11,49.970001220703125,3663.4599609375,12377.8701171875
2020-12-14,50.290000915527344,3647.489990234375,12440.0400390625
2020-12-15,50.7599983215332,3694.6201171875,12595.0595703125
2020-12-16,51.08000183105469,3701.169921875,12658.1904296875
2020-12-17,51.5,3722.47998046875,12764.75
2020-12-18,52.2599983215332,3709.409912109375,12755.6396484375
2020-12-21,50.90999984741211,3694.919921875,12742.51953125
2020-12-22,50.08000183105469,3687.260009765625,12807.919921875
2020-12-23,51.20000076293945,3690.010009765625,12771.1103515625
2020-12-24,51.290000915527344,3703.06005859375,12804.73046875
2020-12-28,50.86000061035156,3735.360107421875,12899.419921875
2020-12-29,51.09000015258789,3727.0400390625,12850.2197265625
2020-12-30,51.34000015258789,3732.0400390625,12870.0
2020-12-31,51.79999923706055,3756.070068359375,12888.2802734375
2021-01-04,51.09000015258789,3700.64990234375,12698.4501953125
2021-01-05,53.599998474121094,3726.860107421875,12818.9599609375
2021-01-06,54.29999923706055,3748.139892578125,12740.7900390625
2021-01-07,54.380001068115234,3803.7900390625,13067.48046875
2021-01-08,55.9900016784668,3824.679931640625,13201.98046875
2021-01-11,55.65999984741211,3799.610107421875,13036.4296875
2021-01-12,56.58000183105469,3801.18994140625,13072.4296875
2021-01-13,56.060001373291016,3809.840087890625,13128.9501953125
2021-01-14,56.41999816894531,3795.5400390625,13112.6396484375
2021-01-15,55.099998474121094,3768.25,12998.5
2021-01-19,55.900001525878906,3798.909912109375,13197.1796875
2021-01-20,56.08000183105469,3851.85009765625,13457.25
2021-01-21,56.099998474121094,3853.070068359375,13530.91015625
2021-01-22,55.40999984741211,3841.469970703125,13543.0595703125
2021-01-25,55.880001068115234,3855.360107421875,13635.990234375
2021-01-26,55.90999984741211,3849.6201171875,13626.0595703125
2021-01-27,55.810001373291016,3750.77001953125,13270.599609375
2021-01-28,55.529998779296875,3787.3798828125,13337.16015625
2021-01-29,55.880001068115234,3714.239990234375,13070.6904296875
2021-02-01,56.349998474121094,3773.860107421875,13403.3896484375
2021-02-02,57.459999084472656,3826.31005859375,13612.7802734375
2021-02-03,58.459999084472656,3830.169921875,13610.5400390625
2021-02-04,58.84000015258789,3871.739990234375,13777.740234375
2021-02-05,59.34000015258789,3886.830078125,13856.2998046875
2021-02-08,60.560001373291016,3915.590087890625,13987.6396484375
2021-02-09,61.09000015258789,3911.22998046875,14007.7001953125
2021-02-10,61.470001220703125,3909.8798828125,13972.5302734375
2021-02-11,61.13999938964844,3916.3798828125,14025.76953125
2021-02-12,62.43000030517578,3934.830078125,14095.4697265625
2021-02-16,63.349998474121094,3932.590087890625,14047.5
2021-02-17,64.33999633789062,3931.330078125,13965.490234375
2021-02-18,63.93000030517578,3913.969970703125,13865.3603515625
2021-02-19,62.90999984741211,3906.7099609375,13874.4599609375
2021-02-22,65.23999786376953,3876.5,13533.0498046875
2021-02-23,65.37000274658203,3881.3701171875,13465.2001953125
2021-02-24,67.04000091552734,3925.429931640625,13597.9697265625
2021-02-25,66.87999725341797,3829.340087890625,13119.4296875
2021-02-26,66.12999725341797,3811.14990234375,13192.349609375
2021-03-01,63.689998626708984,3901.820068359375,13588.830078125
2021-03-02,62.70000076293945,3870.2900390625,13358.7900390625
2021-03-03,64.06999969482422,3819.719970703125,12997.75
2021-03-04,66.73999786376953,3768.469970703125,12723.4697265625
2021-03-05,69.36000061035156,3841.93994140625,12920.150390625
2021-03-08,68.23999786376953,3821.35009765625,12609.16015625
2021-03-09,67.5199966430664,3875.43994140625,13073.8203125
2021-03-10,67.9000015258789,3898.81005859375,13068.830078125
2021-03-11,69.62999725341797,3939.340087890625,13398.669921875
2021-03-12,69.22000122070312,3943.340087890625,13319.8603515625
2021-03-15,68.87999725341797,3968.93994140625,13459.7099609375
2021-03-16,68.38999938964844,3962.7099609375,13471.5703125
2021-03-17,68.0,3974.1201171875,13525.2001953125
2021-03-18,63.279998779296875,3915.4599609375,13116.169921875
2021-03-19,64.52999877929688,3913.10009765625,13215.240234375
2021-03-22,64.62000274658203,3940.590087890625,13377.5400390625
2021-03-23,60.790000915527344,3910.52001953125,13227.7001953125
2021-03-24,64.41000366210938,3889.139892578125,12961.8896484375
2021-03-25,61.95000076293945,3909.52001953125,12977.6796875
2021-03-26,64.56999969482422,3974.5400390625,13138.73046875
2021-03-29,64.9800033569336,3971.090087890625,13059.650390625
2021-03-30,64.13999938964844,3958.550048828125,13045.3896484375
2021-03-31,63.540000915527344,3972.889892578125,13246.8701171875
2021-04-01,64.86000061035156,4019.8701171875,13480.1103515625
2021-04-05,62.150001525878906,4077.909912109375,13705.58984375
2021-04-06,62.7400016784668,4073.93994140625,13698.3798828125
2021-04-07,63.15999984741211,4079.949951171875,13688.83984375
2021-04-08,63.20000076293945,4097.169921875,13829.3095703125
2021-04-09,62.95000076293945,4128.7998046875,13900.1904296875
2021-04-12,63.279998779296875,4127.990234375,13850.0
2021-04-13,63.66999816894531,4141.58984375,13996.099609375
2021-04-14,66.58000183105469,4124.66015625,13857.83984375
2021-04-15,66.94000244140625,4170.419921875,14038.759765625
2021-04-16,66.7699966430664,4185.47021484375,14052.33984375
2021-04-19,67.05000305175781,4163.259765625,13914.76953125
2021-04-20,66.56999969482422,4134.93994140625,13786.26953125
2021-04-21,65.31999969482422,4173.419921875,13950.2197265625
2021-04-22,65.4000015258789,4134.97998046875,13818.41015625
2021-04-23,66.11000061035156,4180.169921875,14016.8095703125
2021-04-26,65.6500015258789,4187.6201171875,14138.7802734375
2021-04-27,66.41999816894531,4186.72021484375,14090.2197265625
2021-04-28,67.2699966430664,4183.18017578125,14051.0302734375
2021-04-29,68.55999755859375,4211.47021484375,14082.5498046875
2021-04-30,67.25,4181.169921875,13962.6796875
2021-05-03,67.55999755859375,4192.66015625,13895.1201171875
2021-05-04,68.87999725341797,4164.66015625,13633.5
2021-05-05,68.95999908447266,4167.58984375,13582.419921875
2021-05-06,68.08999633789062,4201.6201171875,13632.83984375
2021-05-07,68.27999877929688,4232.60009765625,13752.240234375
2021-05-10,68.31999969482422,4188.43017578125,13401.8603515625
2021-05-11,68.55000305175781,4152.10009765625,13389.4296875
2021-05-12,69.31999969482422,4063.0400390625,13031.6796875
2021-05-13,67.05000305175781,4112.5,13124.990234375
2021-05-14,68.70999908447266,4173.85009765625,13429.98046875
2021-05-17,69.45999908447266,4163.2900390625,13379.0498046875
2021-05-18,68.70999908447266,4127.830078125,13303.6396484375
2021-05-19,66.66000366210938,4115.68017578125,13299.740234375
2021-05-20,65.11000061035156,4159.1201171875,13535.740234375
2021-05-21,66.44000244140625,4155.85986328125,13470.990234375
2021-05-24,68.45999908447266,4197.0498046875,13661.169921875
2021-05-25,68.6500015258789,4188.1298828125,13657.169921875
2021-05-26,68.87000274658203,4195.990234375,13738.0
2021-05-27,69.45999908447266,4200.8798828125,13736.2802734375
2021-05-28,69.62999725341797,4204.10986328125,13748.740234375
2021-06-01,70.25,4202.0400390625,13736.48046875
2021-06-02,71.3499984741211,4208.1201171875,13756.330078125
2021-06-03,71.30999755859375,4192.85009765625,13614.509765625
2021-06-04,71.88999938964844,4229.89013671875,13814.490234375
2021-06-07,71.48999786376953,4226.52001953125,13881.7197265625
2021-06-08,72.22000122070312,4227.259765625,13924.91015625
2021-06-09,72.22000122070312,4219.5498046875,13911.75
2021-06-10,72.5199966430664,4239.18017578125,14020.330078125
2021-06-11,72.69000244140625,4247.43994140625,14069.419921875
2021-06-14,72.86000061035156,4255.14990234375,14174.1396484375
2021-06-15,73.98999786376953,4246.58984375,14072.8603515625
2021-06-16,74.38999938964844,4223.7001953125,14039.6796875
2021-06-17,73.08000183105469,4221.85986328125,14161.349609375
2021-06-18,73.51000213623047,4166.4501953125,14030.3798828125
2021-06-21,74.9000015258789,4224.7900390625,14141.48046875
2021-06-22,74.80999755859375,4246.43994140625,14253.26953125
2021-06-23,75.19000244140625,4241.83984375,14271.73046875
2021-06-24,75.55999755859375,4266.490234375,14369.7099609375
2021-06-25,76.18000030517578,4280.7001953125,14360.3896484375
2021-06-28,74.68000030517578,4290.60986328125,14500.509765625
2021-06-29,74.76000213623047,4291.7998046875,14528.330078125
2021-06-30,75.12999725341797,4297.5,14503.9501953125
2021-07-01,75.83999633789062,4319.93994140625,14522.3798828125
2021-07-02,76.16999816894531,4352.33984375,14639.330078125
2021-07-06,74.52999877929688,4343.5400390625,14663.6396484375
2021-07-07,73.43000030517578,4358.1298828125,14665.0595703125
2021-07-08,74.12000274658203,4320.81982421875,14559.7802734375
2021-07-09,75.55000305175781,4369.5498046875,14701.919921875
2021-07-12,75.16000366210938,4384.6298828125,14733.240234375
2021-07-13,76.48999786376953,4369.2099609375,14677.650390625
2021-07-14,74.76000213623047,4374.2998046875,14644.9501953125
2021-07-15,73.47000122070312,4360.02978515625,14543.1298828125
2021-07-16,73.58999633789062,4327.16015625,14427.240234375
2021-07-19,68.62000274658203,4258.490234375,14274.98046875
2021-07-20,69.3499984741211,4323.06005859375,14498.8798828125
2021-07-21,72.2300033569336,4358.68994140625,14631.9501953125
2021-07-22,73.79000091552734,4367.47998046875,14684.599609375
2021-07-23,74.0999984741211,4411.7900390625,14836.990234375
2021-07-26,74.5,4422.2998046875,14840.7099609375
2021-07-27,74.4800033569336,4401.4599609375,14660.580078125
2021-07-28,74.73999786376953,4400.64013671875,14762.580078125
2021-07-29,76.05000305175781,4419.14990234375,14778.259765625
2021-07-30,76.33000183105469,4395.259765625,14672.6796875
2021-08-02,72.88999938964844,4387.16015625,14681.0703125
2021-08-03,72.41000366210938,4423.14990234375,14761.2900390625
2021-08-04,70.37999725341797,4402.66015625,14780.5302734375
2021-08-05,71.29000091552734,4429.10009765625,14895.1201171875
2021-08-06,70.69999694824219,4436.52001953125,14835.759765625
2021-08-09,69.04000091552734,4432.35009765625,14860.1796875
2021-08-10,70.62999725341797,4436.75,14788.08984375
2021-08-11,71.44000244140625,4442.41015625,14765.1396484375
2021-08-12,71.30999755859375,4460.830078125,14816.259765625
2021-08-13,70.58999633789062,4468.0,14822.900390625
2021-08-16,69.51000213623047,4479.7099609375,14793.759765625
2021-08-17,69.02999877929688,4448.080078125,14656.1796875
2021-08-18,68.2300033569336,4400.27001953125,14525.91015625
2021-08-19,66.44999694824219,4405.7998046875,14541.7900390625
2021-08-20,65.18000030517578,4441.669921875,14714.66015625
2021-08-23,68.75,4479.52978515625,14942.650390625
2021-08-24,71.05000305175781,4486.22998046875,15019.7998046875
2021-08-25,72.25,4496.18994140625,15041.8603515625
2021-08-26,71.06999969482422,4470.0,14945.8095703125
2021-08-27,72.69999694824219,4509.3701171875,15129.5
2021-08-30,73.41000366210938,4528.7900390625,15265.8896484375
2021-08-31,72.98999786376953,4522.68017578125,15259.240234375
2021-09-01,71.58999633789062,4524.08984375,15309.3798828125
2021-09-02,73.02999877929688,4536.9501953125,15331.1796875
2021-09-03,72.61000061035156,4535.43017578125,15363.51953125
2021-09-07,71.69000244140625,4520.02978515625,15374.330078125
2021-09-08,72.5999984741211,4514.06982421875,15286.6396484375
2021-09-09,71.44999694824219,4493.27978515625,15248.25
2021-09-10,72.91999816894531,4458.580078125,15115.490234375
2021-09-13,73.51000213623047,4468.72998046875,15105.580078125
2021-09-14,73.5999984741211,4443.0498046875,15037.759765625
2021-09-15,75.45999908447266,4480.7001953125,15161.5302734375
2021-09-16,75.66999816894531,4473.75,15181.919921875
2021-09-17,75.33999633789062,4432.990234375,15043.9697265625
2021-09-20,73.91999816894531,4357.72998046875,14713.900390625
2021-09-21,74.36000061035156,4354.18994140625,14746.400390625
2021-09-22,76.19000244140625,4395.64013671875,14896.849609375
2021-09-23,77.25,4448.97998046875,15052.240234375
2021-09-24,78.08999633789062,4455.47998046875,15047.7001953125
2021-09-27,79.52999877929688,4443.10986328125,14969.9697265625
2021-09-28,79.08999633789062,4352.6298828125,14546.6796875
2021-09-29,78.63999938964844,4359.4599609375,14512.4404296875
2021-09-30,78.5199966430664,4307.5400390625,14448.580078125
2021-10-01,79.27999877929688,4357.0400390625,14566.7001953125
2021-10-04,81.26000213623047,4300.4599609375,14255.48046875
2021-10-05,82.55999755859375,4345.72021484375,14433.830078125
2021-10-06,81.08000183105469,4363.5498046875,14501.91015625
2021-10-07,81.94999694824219,4399.759765625,14654.01953125
2021-10-08,82.38999938964844,4391.33984375,14579.5400390625
2021-10-11,83.6500015258789,4361.18994140625,14486.2001953125
2021-10-12,83.41999816894531,4350.64990234375,14465.919921875
2021-10-13,83.18000030517578,4363.7998046875,14571.6396484375
2021-10-14,84.0,4438.259765625,14823.4296875
2021-10-15,84.86000061035156,4471.3701171875,14897.33984375
2021-10-18,84.33000183105469,4486.4599609375,15021.8095703125
2021-10-19,85.08000183105469,4519.6298828125,15129.08984375
2021-10-20,85.81999969482422,4536.18994140625,15121.6796875
2021-10-21,84.61000061035156,4549.77978515625,15215.7001953125
2021-10-22,85.52999877929688,4544.89990234375,15090.2001953125
2021-10-25,85.98999786376953,4566.47998046875,15226.7099609375
2021-10-26,86.4000015258789,4574.7900390625,15235.7099609375
2021-10-27,84.58000183105469,4551.68017578125,15235.83984375
2021-10-28,84.31999969482422,4596.419921875,15448.1201171875
2021-10-29,84.37999725341797,4605.3798828125,15498.3896484375
2021-11-01,84.70999908447266,4613.669921875,15595.919921875
2021-11-02,84.72000122070312,4630.64990234375,15649.599609375
2021-11-03,81.98999786376953,4660.56982421875,15811.580078125
2021-11-04,80.54000091552734,4680.06005859375,15940.3095703125
2021-11-05,82.73999786376953,4697.52978515625,15971.58984375
2021-11-08,83.43000030517578,4701.7001953125,15982.3603515625
2021-11-09,84.77999877929688,4685.25,15886.5400390625
2021-11-10,82.63999938964844,4646.7099609375,15622.7099609375
2021-11-11,82.87000274658203,4649.27001953125,15704.2802734375
2021-11-12,82.16999816894531,4682.85009765625,15860.9599609375
2021-11-15,82.05000305175781,4682.7998046875,15853.849609375
2021-11-16,82.43000030517578,4700.89990234375,15973.8603515625
2021-11-17,80.27999877929688,4688.669921875,15921.5703125
2021-11-18,81.23999786376953,4704.5400390625,15993.7099609375
2021-11-19,78.88999938964844,4697.9599609375,16057.4404296875
2021-11-22,79.69999694824219,4682.93994140625,15854.759765625
2021-11-23,82.30999755859375,4690.7001953125,15775.1396484375
2021-11-24,82.25,4701.4599609375,15845.23046875
2021-11-26,72.72000122070312,4594.6201171875,15491.66015625
2021-11-29,73.44000244140625,4655.27001953125,15782.830078125
2021-11-30,70.56999969482422,4567.0,15537.6904296875
2021-12-01,68.87000274658203,4513.0400390625,15254.0498046875
2021-12-02,69.66999816894531,4577.10009765625,15381.3203125
2021-12-03,69.87999725341797,4538.43017578125,15085.4697265625
2021-12-06,73.08000183105469,4591.669921875,15225.150390625
2021-12-07,75.44000244140625,4686.75,15686.919921875
2021-12-08,75.81999969482422,4701.2099609375,15786.990234375
2021-12-09,74.41999816894531,4667.4501953125,15517.3701171875
2021-12-10,75.1500015258789,4712.02001953125,15630.599609375
2021-12-13,74.38999938964844,4668.97021484375,15413.2802734375
2021-12-14,73.69999694824219,4634.08984375,15237.6396484375
2021-12-15,73.87999725341797,4709.85009765625,15565.580078125
2021-12-16,75.0199966430664,4668.669921875,15180.4296875
2021-12-17,73.5199966430664,4620.64013671875,15169.6796875
2021-12-20,71.5199966430664,4568.02001953125,14980.9404296875
2021-12-21,73.9800033569336,4649.22998046875,15341.08984375
2021-12-22,75.29000091552734,4696.56005859375,15521.8896484375
2021-12-23,76.8499984741211,4725.7900390625,15653.3701171875
2021-12-27,78.5999984741211,4791.18994140625,15871.259765625
2021-12-28,78.94000244140625,4786.35009765625,15781.7197265625
2021-12-29,79.2300033569336,4793.06005859375,15766.2197265625
2021-12-30,79.31999969482422,4778.72998046875,15741.5595703125
2021-12-31,77.77999877929688,4766.18017578125,15644.9697265625
2022-01-03,78.9800033569336,4796.56005859375,15832.7998046875
2022-01-04,80.0,4793.5400390625,15622.7197265625
2022-01-05,80.80000305175781,4700.580078125,15100.169921875
2022-01-06,81.98999786376953,4696.0498046875,15080.8603515625
2022-01-07,81.75,4677.02978515625,14935.900390625
2022-01-10,80.87000274658203,4670.2900390625,14942.830078125
2022-01-11,83.72000122070312,4713.06982421875,15153.4501953125
2022-01-12,84.66999816894531,4726.35009765625,15188.3896484375
2022-01-13,84.47000122070312,4659.02978515625,14806.8095703125
2022-01-14,86.05999755859375,4662.85009765625,14893.75
2022-01-18,87.51000213623047,4577.10986328125,14506.900390625
2022-01-19,88.44000244140625,4532.759765625,14340.259765625
2022-01-20,88.37999725341797,4482.72998046875,14154.01953125
2022-01-21,87.88999938964844,4397.93994140625,13768.919921875
2022-01-24,86.2699966430664,4410.1298828125,13855.1298828125
2022-01-25,88.19999694824219,4356.4501953125,13539.2900390625
2022-01-26,89.95999908447266,4349.93017578125,13542.1201171875
2022-01-27,89.33999633789062,4326.509765625,13352.7802734375
2022-01-28,90.02999877929688,4431.85009765625,13770.5703125
2022-01-31,91.20999908447266,4515.5498046875,14239.8798828125
2022-02-01,89.16000366210938,4546.5400390625,14346.0
2022-02-02,89.47000122070312,4589.3798828125,14417.5498046875
2022-02-03,91.11000061035156,4477.43994140625,13878.8203125
2022-02-04,93.2699966430664,4500.52978515625,14098.009765625
2022-02-07,92.69000244140625,4483.8701171875,14015.669921875
2022-02-08,90.77999877929688,4521.5400390625,14194.4501953125
2022-02-09,91.55000305175781,4587.18017578125,14490.3701171875
2022-02-10,91.41000366210938,4504.080078125,14185.6396484375
2022-02-11,94.44000244140625,4418.64013671875,13791.150390625
2022-02-14,96.4800033569336,4401.669921875,13790.919921875
2022-02-15,93.27999877929688,4471.06982421875,14139.759765625
2022-02-16,94.80999755859375,4475.009765625,14124.08984375
2022-02-17,92.97000122070312,4380.259765625,13716.7197265625
2022-02-18,93.54000091552734,4348.8701171875,13548.0703125
2022-02-22,96.83999633789062,4304.759765625,13381.51953125
2022-02-23,96.83999633789062,4225.5,13037.490234375
2022-02-24,99.08000183105469,4288.7001953125,13473.58984375
2022-02-25,97.93000030517578,4384.64990234375,13694.6201171875
2022-02-28,100.98999786376953,4373.93994140625,13751.400390625
2022-03-01,104.97000122070312,4306.259765625,13532.4599609375
2022-03-02,112.93000030517578,4386.5400390625,13752.01953125
2022-03-03,110.45999908447266,4363.490234375,13537.9404296875
2022-03-04,118.11000061035156,4328.8701171875,13313.4404296875
2022-03-07,123.20999908447266,4201.08984375,12830.9599609375
2022-03-08,127.9800033569336,4170.7001953125,12795.5498046875
2022-03-09,111.13999938964844,4277.8798828125,13255.5498046875
2022-03-10,109.33000183105469,4259.52001953125,13129.9599609375
2022-03-11,112.66999816894531,4204.31005859375,12843.8095703125
2022-03-14,106.9000015258789,4173.10986328125,12581.2197265625
2022-03-15,99.91000366210938,4262.4501953125,12948.6201171875
2022-03-16,98.0199966430664,4357.85986328125,13436.5498046875
2022-03-17,106.63999938964844,4411.669921875,13614.7802734375
2022-03-18,107.93000030517578,4463.1201171875,13893.83984375
2022-03-21,115.62000274658203,4461.18017578125,13838.4599609375
2022-03-22,115.4800033569336,4511.60986328125,14108.8203125
2022-03-23,121.5999984741211,4456.240234375,13922.599609375
2022-03-24,119.02999877929688,4520.16015625,14191.83984375
2022-03-25,120.6500015258789,4543.06005859375,14169.2998046875
2022-03-28,112.4800033569336,4575.52001953125,14354.900390625
2022-03-29,110.2300033569336,4631.60009765625,14619.6396484375
2022-03-30,113.44999694824219,4602.4501953125,14442.26953125
2022-03-31,107.91000366210938,4530.41015625,14220.51953125
2022-04-01,104.38999938964844,4545.85986328125,14261.5
2022-04-04,107.52999877929688,4582.64013671875,14532.5498046875
2022-04-05,106.63999938964844,4525.1201171875,14204.169921875
2022-04-06,101.06999969482422,4481.14990234375,13888.8203125
2022-04-07,100.58000183105469,4500.2099609375,13897.2998046875
2022-04-08,102.77999877929688,4488.27978515625,13711.0
2022-04-11,98.4800033569336,4412.52978515625,13411.9599609375
2022-04-12,104.63999938964844,4397.4501953125,13371.5703125
2022-04-13,108.77999877929688,4446.58984375,13643.58984375
2022-04-14,111.69999694824219,4392.58984375,13351.080078125
2022-04-18,113.16000366210938,4391.68994140625,13332.3603515625
2022-04-19,107.25,4462.2099609375,13619.66015625
2022-04-20,106.80000305175781,4459.4501953125,13453.0703125
2022-04-21,108.33000183105469,4393.66015625,13174.650390625
2022-04-22,106.6500015258789,4271.77978515625,12839.2900390625
2022-04-25,102.31999969482422,4296.1201171875,13004.849609375
2022-04-26,104.98999786376953,4175.2001953125,12490.740234375
2022-04-27,105.31999969482422,4183.9599609375,12488.9296875
2022-04-28,107.58999633789062,4287.5,12871.5302734375
2022-04-29,109.33999633789062,4131.93017578125,12334.6396484375
2022-05-02,107.58000183105469,4155.3798828125,12536.01953125
2022-05-03,104.97000122070312,4175.47998046875,12563.759765625
2022-05-04,110.13999938964844,4300.169921875,12964.8603515625
2022-05-05,110.9000015258789,4146.8701171875,12317.6904296875
2022-05-06,112.38999938964844,4123.33984375,12144.66015625
2022-05-09,105.94000244140625,3991.239990234375,11623.25
2022-05-10,102.45999908447266,4001.050048828125,11737.669921875
2022-05-11,107.51000213623047,3935.179931640625,11364.240234375
2022-05-12,107.44999694824219,3930.080078125,11370.9599609375
2022-05-13,111.55000305175781,4023.889892578125,11805.0
2022-05-16,114.23999786376953,4008.010009765625,11662.7900390625
2022-05-17,111.93000030517578,4088.85009765625,11984.51953125
2022-05-18,109.11000061035156,3923.679931640625,11418.150390625
2022-05-19,112.04000091552734,3900.7900390625,11388.5
2022-05-20,112.55000305175781,3901.360107421875,11354.6201171875
2022-05-23,113.41999816894531,3973.75,11535.26953125
2022-05-24,113.55999755859375,3941.47998046875,11264.4501953125
2022-05-25,114.02999877929688,3978.72998046875,11434.740234375
2022-05-26,117.4000015258789,4057.840087890625,11740.650390625
2022-05-27,119.43000030517578,4158.240234375,12131.1298828125
2022-05-31,122.83999633789062,4132.14990234375,12081.3896484375
2022-06-01,116.29000091552734,4101.22998046875,11994.4599609375
2022-06-02,117.61000061035156,4176.81982421875,12316.900390625
2022-06-03,119.72000122070312,4108.5400390625,12012.73046875
2022-06-06,119.51000213623047,4121.43017578125,12061.3701171875
2022-06-07,120.56999969482422,4160.68017578125,12175.23046875
2022-06-08,123.58000183105469,4115.77001953125,12086.26953125
2022-06-09,123.06999969482422,4017.820068359375,11754.23046875
2022-06-10,122.01000213623047,3900.860107421875,11340.01953125
2022-06-13,122.2699966430664,3749.6298828125,10809.23046875
2022-06-14,121.16999816894531,3735.47998046875,10828.349609375
2022-06-15,118.51000213623047,3789.989990234375,11099.150390625
2022-06-16,119.80999755859375,3666.77001953125,10646.099609375
2022-06-17,113.12000274658203,3674.840087890625,10798.349609375
2022-06-21,114.6500015258789,3764.7900390625,11069.2998046875
2022-06-22,111.73999786376953,3759.889892578125,11053.080078125
2022-06-23,110.05000305175781,3795.72998046875,11232.1904296875
2022-06-24,113.12000274658203,3911.739990234375,11607.6201171875
2022-06-27,115.08999633789062,3900.110107421875,11524.5498046875
2022-06-28,117.9800033569336,3821.550048828125,11181.5400390625
2022-06-29,116.26000213623047,3818.830078125,11177.8896484375
2022-06-30,114.80999755859375,3785.3798828125,11028.740234375
2022-07-01,111.62999725341797,3825.330078125,11127.849609375
2022-07-05,102.7699966430664,3831.389892578125,11322.240234375
2022-07-06,100.69000244140625,3845.080078125,11361.849609375
2022-07-07,104.6500015258789,3902.6201171875,11621.349609375
2022-07-08,107.0199966430664,3899.3798828125,11635.3095703125
2022-07-11,107.0999984741211,3854.429931640625,11372.599609375
2022-07-12,99.48999786376953,3818.800048828125,11264.73046875
2022-07-13,99.56999969482422,3801.780029296875,11247.580078125
2022-07-14,99.0999984741211,3790.3798828125,11251.1904296875
2022-07-15,101.16000366210938,3863.159912109375,11452.419921875
2022-07-18,106.2699966430664,3830.85009765625,11360.0498046875
2022-07-19,107.3499984741211,3936.68994140625,11713.150390625
2022-07-20,106.91999816894531,3959.89990234375,11897.650390625
2022-07-21,103.86000061035156,3998.949951171875,12059.6103515625
2022-07-22,103.19999694824219,3961.6298828125,11834.1103515625
2022-07-25,105.1500015258789,3966.840087890625,11782.669921875
2022-07-26,104.4000015258789,3921.050048828125,11562.5703125
2022-07-27,106.62000274658203,4023.610107421875,12032.419921875
2022-07-28,107.13999938964844,4072.429931640625,12162.58984375
2022-07-29,110.01000213623047,4130.2900390625,12390.6904296875
2022-08-01,100.02999877929688,4118.6298828125,12368.98046875
2022-08-02,100.54000091552734,4091.18994140625,12348.759765625
2022-08-03,96.77999877929688,4155.169921875,12668.16015625
2022-08-04,94.12000274658203,4151.93994140625,12720.580078125
2022-08-05,94.91999816894531,4145.18994140625,12657.5498046875
2022-08-08,96.6500015258789,4140.06005859375,12644.4599609375
2022-08-09,96.30999755859375,4122.47021484375,12493.9296875
2022-08-10,97.4000015258789,4210.240234375,12854.7998046875
2022-08-11,99.5999984741211,4207.27001953125,12779.91015625
2022-08-12,98.1500015258789,4280.14990234375,13047.1904296875
2022-08-15,95.0999984741211,4297.14013671875,13128.0498046875
2022-08-16,92.33999633789062,4305.2001953125,13102.5498046875
2022-08-17,93.6500015258789,4274.0400390625,12938.1201171875
2022-08-18,96.58999633789062,4283.740234375,12965.33984375
2022-08-19,96.72000122070312,4228.47998046875,12705.2197265625
2022-08-22,96.4800033569336,4137.990234375,12381.5703125
2022-08-23,100.22000122070312,4128.72998046875,12381.2998046875
2022-08-24,101.22000122070312,4140.77001953125,12431.5302734375
2022-08-25,99.33999633789062,4199.1201171875,12639.26953125
2022-08-26,100.98999786376953,4057.659912109375,12141.7099609375
2022-08-29,105.08999633789062,4030.610107421875,12017.669921875
2022-08-30,99.30999755859375,3986.159912109375,11883.1396484375
2022-08-31,96.48999786376953,3955.0,11816.2001953125
2022-09-01,92.36000061035156,3966.85009765625,11785.1298828125
2022-09-02,93.0199966430664,3924.260009765625,11630.8603515625
2022-09-06,92.83000183105469,3908.18994140625,11544.91015625
2022-09-07,88.0,3979.8701171875,11791.900390625
2022-09-08,89.1500015258789,4006.179931640625,11862.1298828125
2022-09-09,92.83999633789062,4067.360107421875,12112.3095703125
2022-09-12,94.0,4110.41015625,12266.41015625
2022-09-13,93.16999816894531,3932.68994140625,11633.5703125
2022-09-14,94.0999984741211,3946.010009765625,11719.6796875
2022-09-15,90.83999633789062,3901.35009765625,11552.3603515625
2022-09-16,91.3499984741211,3873.330078125,11448.400390625
2022-09-19,92.0,3899.889892578125,11535.01953125
2022-09-20,90.62000274658203,3855.929931640625,11425.0498046875
2022-09-21,89.83000183105469,3789.929931640625,11220.1904296875
2022-09-22,90.45999908447266,3757.989990234375,11066.8095703125
2022-09-23,86.1500015258789,3693.22998046875,10867.9296875
2022-09-26,84.05999755859375,3655.0400390625,10802.919921875
2022-09-27,86.2699966430664,3647.2900390625,10829.5
2022-09-28,89.31999969482422,3719.0400390625,11051.6396484375
2022-09-29,88.48999786376953,3640.469970703125,10737.509765625
2022-09-30,87.95999908447266,3585.6201171875,10575.6201171875
2022-10-03,88.86000061035156,3678.429931640625,10815.4296875
2022-10-04,91.80000305175781,3790.929931640625,11176.41015625
2022-10-05,93.37000274658203,3783.280029296875,11148.6396484375
2022-10-06,94.41999816894531,3744.52001953125,11073.3095703125
2022-10-07,97.91999816894531,3639.659912109375,10652.400390625
2022-10-10,96.19000244140625,3612.389892578125,10542.099609375
2022-10-11,94.29000091552734,3588.840087890625,10426.1904296875
2022-10-12,92.44999694824219,3577.030029296875,10417.099609375
2022-10-13,94.56999969482422,3669.909912109375,10649.150390625
2022-10-14,91.62999725341797,3583.070068359375,10321.3896484375
2022-10-17,91.62000274658203,3677.949951171875,10675.7998046875
2022-10-18,90.02999877929688,3719.97998046875,10772.400390625
2022-10-19,92.41000366210938,3695.159912109375,10680.509765625
2022-10-20,92.37999725341797,3665.780029296875,10614.83984375
2022-10-21,93.5,3752.75,10859.7197265625
2022-10-24,93.26000213623047,3797.340087890625,10952.6103515625
2022-10-25,93.5199966430664,3859.110107421875,11199.1201171875
2022-10-26,95.69000244140625,3830.60009765625,10970.990234375
2022-10-27,96.95999908447266,3807.300048828125,10792.669921875
2022-10-28,95.7699966430664,3901.06005859375,11102.4501953125
2022-10-31,94.83000183105469,3871.97998046875,10988.150390625
2022-11-01,94.6500015258789,3856.10009765625,10890.849609375
2022-11-02,96.16000366210938,3759.68994140625,10524.7998046875
2022-11-03,94.66999816894531,3719.889892578125,10342.9404296875
2022-11-04,98.56999969482422,3770.550048828125,10475.25
2022-11-07,97.91999816894531,3806.800048828125,10564.51953125
2022-11-08,95.36000061035156,3828.110107421875,10616.2001953125
2022-11-09,92.6500015258789,3748.570068359375,10353.169921875
2022-11-10,93.66999816894531,3956.3701171875,11114.150390625
2022-11-11,95.98999786376953,3992.929931640625,11323.330078125
2022-11-14,93.13999938964844,3957.25,11196.2197265625
2022-11-15,93.86000061035156,3991.72998046875,11358.41015625
2022-11-16,92.86000061035156,3958.7900390625,11183.66015625
2022-11-17,89.77999877929688,3946.56005859375,11144.9599609375
2022-11-18,87.62000274658203,3965.340087890625,11146.0595703125
2022-11-21,87.44999694824219,3949.93994140625,11024.509765625
2022-11-22,88.36000061035156,4003.580078125,11174.41015625
2022-11-23,85.41000366210938,4027.260009765625,11285.3203125
2022-11-25,83.62999725341797,4026.1201171875,11226.3603515625
2022-11-28,83.19000244140625,3963.93994140625,11049.5
2022-11-29,83.02999877929688,3957.6298828125,10983.7802734375
2022-11-30,85.43000030517578,4080.110107421875,11468.0
2022-12-01,86.87999725341797,4076.570068359375,11482.4501953125
2022-12-02,85.56999969482422,4071.699951171875,11461.5
2022-12-05,82.68000030517578,3998.840087890625,11239.9404296875
2022-12-06,79.3499984741211,3941.260009765625,11014.8896484375
2022-12-07,77.16999816894531,3933.919921875,10958.5498046875
2022-12-08,76.1500015258789,3963.510009765625,11082.0
2022-12-09,76.0999984741211,3934.3798828125,11004.6201171875
2022-12-12,77.98999786376953,3990.56005859375,11143.740234375
2022-12-13,80.68000030517578,4019.64990234375,11256.8095703125
2022-12-14,82.69999694824219,3995.320068359375,11170.8896484375
2022-12-15,81.20999908447266,3895.75,10810.5302734375
2022-12-16,79.04000091552734,3852.360107421875,10705.41015625
2022-12-19,79.80000305175781,3817.659912109375,10546.0302734375
2022-12-20,79.98999786376953,3821.6201171875,10547.1103515625
2022-12-21,82.19999694824219,3878.43994140625,10709.3701171875
2022-12-22,80.9800033569336,3822.389892578125,10476.1201171875
2022-12-23,83.91999816894531,3844.820068359375,10497.8603515625
2022-12-27,84.33000183105469,3829.25,10353.23046875
2022-12-28,83.26000213623047,3783.219970703125,10213.2900390625
2022-12-29,82.26000213623047,3849.280029296875,10478.08984375
2022-12-30,85.91000366210938,3839.5,10466.48046875
2023-01-03,82.0999984741211,3824.139892578125,10386.98046875
2023-01-04,77.83999633789062,3852.969970703125,10458.759765625
2023-01-05,78.69000244140625,3808.10009765625,10305.240234375
2023-01-06,78.56999969482422,3895.080078125,10569.2900390625
2023-01-09,79.6500015258789,3892.090087890625,10635.650390625
2023-01-10,80.0999984741211,3919.25,10742.6298828125
2023-01-11,82.66999816894531,3969.610107421875,10931.669921875
2023-01-12,84.02999877929688,3983.169921875,11001.099609375
2023-01-13,85.27999877929688,3999.090087890625,11079.16015625
2023-01-17,85.91999816894531,3990.969970703125,11095.1103515625
2023-01-18,84.9800033569336,3928.860107421875,10957.009765625
2023-01-19,86.16000366210938,3898.85009765625,10852.26953125
2023-01-20,87.62999725341797,3972.610107421875,11140.4296875
2023-01-23,88.19000244140625,4019.81005859375,11364.41015625
2023-01-24,86.12999725341797,4016.949951171875,11334.26953125
2023-01-25,86.12000274658203,4016.219970703125,11313.3603515625
2023-01-26,87.47000122070312,4060.429931640625,11512.41015625
2023-01-27,86.66000366210938,4070.56005859375,11621.7099609375
2023-01-30,84.9000015258789,4017.77001953125,11393.8095703125
2023-01-31,84.48999786376953,4076.60009765625,11584.5498046875
2023-02-01,82.83999633789062,4119.2099609375,11816.3203125
2023-02-02,82.16999816894531,4179.759765625,12200.8203125
2023-02-03,79.94000244140625,4136.47998046875,12006.9501953125
2023-02-06,80.98999786376953,4111.080078125,11887.4501953125
2023-02-07,83.69000244140625,4164.0,12113.7900390625
2023-02-08,85.08999633789062,4117.85986328125,11910.51953125
2023-02-09,84.5,4081.5,11789.580078125
2023-02-10,86.38999938964844,4090.4599609375,11718.1201171875
2023-02-13,86.61000061035156,4137.2900390625,11891.7900390625
2023-02-14,85.58000183105469,4136.1298828125,11960.150390625
2023-02-15,85.37999725341797,4147.60009765625,12070.58984375
2023-02-16,85.13999938964844,4090.409912109375,11855.830078125
2023-02-17,83.0,4079.090087890625,11787.26953125
2023-02-21,83.05000305175781,3997.340087890625,11492.2998046875
2023-02-22,80.5999984741211,3991.050048828125,11507.0703125
2023-02-23,82.20999908447266,4012.320068359375,11590.400390625
2023-02-24,83.16000366210938,3970.0400390625,11394.9404296875
2023-02-27,82.44999694824219,3982.239990234375,11466.98046875
2023-02-28,83.88999938964844,3970.14990234375,11455.5400390625
2023-03-01,84.30999755859375,3951.389892578125,11379.48046875
2023-03-02,84.75,3981.35009765625,11462.98046875
2023-03-03,85.83000183105469,4045.639892578125,11689.009765625
2023-03-06,86.18000030517578,4048.419921875,11675.740234375
2023-03-07,83.29000091552734,3986.3701171875,11530.330078125
2023-03-08,82.66000366210938,3992.010009765625,11576.0
2023-03-09,81.58999633789062,3918.320068359375,11338.349609375
2023-03-10,82.77999877929688,3861.590087890625,11138.8896484375
2023-03-13,80.7699966430664,3855.760009765625,11188.83984375
2023-03-14,77.44999694824219,3919.2900390625,11428.150390625
2023-03-15,73.69000244140625,3891.929931640625,11434.0498046875
2023-03-16,74.69999694824219,3960.280029296875,11717.2802734375
2023-03-17,72.97000122070312,3916.639892578125,11630.509765625
2023-03-20,73.79000091552734,3951.570068359375,11675.5400390625
2023-03-21,75.31999969482422,4002.8701171875,11860.1103515625
2023-03-22,76.69000244140625,3936.969970703125,11669.9599609375
2023-03-23,75.91000366210938,3948.719970703125,11787.400390625
2023-03-24,74.98999786376953,3970.989990234375,11823.9599609375
2023-03-27,78.12000274658203,3977.530029296875,11768.83984375
2023-03-28,78.6500015258789,3971.27001953125,11716.080078125
2023-03-29,78.27999877929688,4027.81005859375,11926.240234375
2023-03-30,79.2699966430664,4050.830078125,12013.4697265625
2023-03-31,79.7699966430664,4109.31005859375,12221.91015625
2023-04-03,84.93000030517578,4124.509765625,12189.4501953125
2023-04-04,84.94000244140625,4100.60009765625,12126.330078125
2023-04-05,84.98999786376953,4090.3798828125,11996.8603515625
2023-04-06,85.12000274658203,4105.02001953125,12087.9599609375
2023-04-10,84.18000030517578,4109.10986328125,12084.3603515625
2023-04-11,85.61000061035156,4108.93994140625,12031.8798828125
2023-04-12,87.33000183105469,4091.949951171875,11929.33984375
2023-04-13,86.08999633789062,4146.22021484375,12166.26953125
2023-04-14,86.30999755859375,4137.64013671875,12123.4697265625
2023-04-17,84.76000213623047,4151.31982421875,12157.7197265625
2023-04-18,84.7699966430664,4154.8701171875,12153.41015625
2023-04-19,83.12000274658203,4154.52001953125,12157.23046875
2023-04-20,81.0999984741211,4129.7900390625,12059.5595703125
2023-04-21,81.66000366210938,4133.52001953125,12072.4599609375
2023-04-24,82.7300033569336,4137.0400390625,12037.2001953125
2023-04-25,80.7699966430664,4071.6298828125,11799.16015625
2023-04-26,77.69000244140625,4055.989990234375,11854.349609375
2023-04-27,78.37000274658203,4135.35009765625,12142.240234375
2023-04-28,79.54000091552734,4169.47998046875,12226.580078125
2023-05-01,79.30999755859375,4167.8701171875,12212.599609375
2023-05-02,75.31999969482422,4119.580078125,12080.509765625
2023-05-03,72.33000183105469,4090.75,12025.330078125
2023-05-04,72.5,4061.219970703125,11966.400390625
2023-05-05,75.30000305175781,4136.25,12235.41015625
2023-05-08,77.01000213623047,4138.1201171875,12256.919921875
2023-05-09,77.44000244140625,4119.169921875,12179.5498046875
2023-05-10,76.41000366210938,4137.64013671875,12306.4404296875
2023-05-11,74.9800033569336,4130.6201171875,12328.509765625
2023-05-12,74.16999816894531,4124.080078125,12284.740234375
2023-05-15,75.2300033569336,4136.27978515625,12365.2099609375
2023-05-16,74.91000366210938,4109.89990234375,12343.0498046875
2023-05-17,76.95999908447266,4158.77001953125,12500.5703125
2023-05-18,75.86000061035156,4198.0498046875,12688.83984375
2023-05-19,75.58000183105469,4191.97998046875,12657.900390625
2023-05-22,75.98999786376953,4192.6298828125,12720.7802734375
2023-05-23,76.83999633789062,4145.580078125,12560.25
2023-05-24,78.36000061035156,4115.240234375,12484.16015625
2023-05-25,76.26000213623047,4151.27978515625,12698.08984375
2023-05-26,76.94999694824219,4205.4501953125,12975.6904296875
2023-05-30,73.54000091552734,4205.52001953125,13017.4296875
2023-05-31,72.66000366210938,4179.830078125,12935.2900390625
2023-06-01,74.27999877929688,4221.02001953125,13100.98046875
2023-06-02,76.12999725341797,4282.3701171875,13240.76953125
2023-06-05,76.70999908447266,4273.7900390625,13229.4296875
2023-06-06,76.29000091552734,4283.85009765625,13276.419921875
2023-06-07,76.94999694824219,4267.52001953125,13104.900390625
2023-06-08,75.95999908447266,4293.93017578125,13238.51953125
2023-06-09,74.79000091552734,4298.85986328125,13259.1396484375
2023-06-12,71.83999633789062,4338.93017578125,13461.919921875
2023-06-13,74.29000091552734,4369.009765625,13573.3203125
2023-06-14,73.19999694824219,4372.58984375,13626.48046875
2023-06-15,75.66999816894531,4425.83984375,13782.8203125
2023-06-16,76.61000061035156,4409.58984375,13689.5703125
2023-06-20,75.9000015258789,4388.7099609375,13667.2900390625
2023-06-21,77.12000274658203,4365.68994140625,13502.2001953125
2023-06-22,74.13999938964844,4381.89013671875,13630.6103515625
2023-06-23,73.8499984741211,4348.330078125,13492.51953125
2023-06-26,74.18000030517578,4328.81982421875,13335.7802734375
2023-06-27,72.26000213623047,4378.41015625,13555.669921875
2023-06-28,74.02999877929688,4376.85986328125,13591.75
2023-06-29,74.33999633789062,4396.43994140625,13591.330078125
2023-06-30,74.9000015258789,4450.3798828125,13787.919921875
2023-07-03,74.6500015258789,4455.58984375,13816.76953125
2023-07-05,76.6500015258789,4446.81982421875,13791.650390625
2023-07-06,76.5199966430664,4411.58984375,13679.0400390625
2023-07-07,78.47000122070312,4398.9501953125,13660.7197265625
2023-07-10,77.69000244140625,4409.52978515625,13685.48046875
2023-07-11,79.4000015258789,4439.259765625,13760.7001953125
2023-07-12,80.11000061035156,4472.16015625,13918.9599609375
2023-07-13,81.36000061035156,4510.0400390625,14138.5703125
2023-07-14,79.87000274658203,4505.419921875,14113.7001953125
2023-07-17,78.5,4522.7900390625,14244.9501953125
2023-07-18,79.62999725341797,4554.97998046875,14353.6396484375
2023-07-19,79.45999908447266,4565.72021484375,14358.01953125
2023-07-20,79.63999938964844,4534.8701171875,14063.3095703125
2023-07-21,81.06999969482422,4536.33984375,14032.8095703125
2023-07-24,82.73999786376953,4554.64013671875,14058.8701171875
2023-07-25,83.63999938964844,4567.4599609375,14144.5595703125
2023-07-26,82.91999816894531,4566.75,14127.2802734375
2023-07-27,84.23999786376953,4537.41015625,14050.1103515625
2023-07-28,84.98999786376953,4582.22998046875,14316.66015625
2023-07-31,85.55999755859375,4588.9599609375,14346.01953125
2023-08-01,84.91000366210938,4576.72998046875,14283.91015625
2023-08-02,83.19999694824219,4513.39013671875,13973.4501953125
2023-08-03,85.13999938964844,4501.89013671875,13959.7197265625
2023-08-04,86.23999786376953,4478.02978515625,13909.240234375
2023-08-07,85.33999633789062,4518.43994140625,13994.400390625
2023-08-08,86.16999816894531,4499.3798828125,13884.3203125
2023-08-09,87.55000305175781,4467.7099609375,13722.01953125
2023-08-10,86.4000015258789,4468.830078125,13737.990234375
2023-08-11,86.80999755859375,4464.0498046875,13644.849609375
2023-08-14,86.20999908447266,4489.72021484375,13788.330078125
2023-08-15,84.88999938964844,4437.85986328125,13631.0498046875
2023-08-16,83.44999694824219,4404.330078125,13474.6298828125
2023-08-17,84.12000274658203,4370.35986328125,13316.9296875
2023-08-18,84.80000305175781,4369.7099609375,13290.7802734375
2023-08-21,84.45999908447266,4399.77001953125,13497.58984375
2023-08-22,84.02999877929688,4387.5498046875,13505.8701171875
2023-08-23,83.20999908447266,4436.009765625,13721.0302734375
2023-08-24,83.36000061035156,4376.31005859375,13463.9697265625
2023-08-25,84.4800033569336,4405.7099609375,13590.650390625
2023-08-28,84.41999816894531,4433.31005859375,13705.1298828125
2023-08-29,85.48999786376953,4497.6298828125,13943.759765625
2023-08-30,85.86000061035156,4514.8701171875,14019.3095703125
2023-08-31,86.86000061035156,4507.66015625,14034.9697265625
2023-09-01,88.55000305175781,4515.77001953125,14031.8095703125
2023-09-05,90.04000091552734,4496.830078125,14020.9501953125
2023-09-06,90.5999984741211,4465.47998046875,13872.4697265625
2023-09-07,89.91999816894531,4451.14013671875,13748.830078125
2023-09-08,90.6500015258789,4457.490234375,13761.5302734375
2023-09-11,90.63999938964844,4487.4599609375,13917.8896484375
2023-09-12,92.05999755859375,4461.89990234375,13773.6103515625
2023-09-13,91.87999725341797,4467.43994140625,13813.58984375
2023-09-14,93.69999694824219,4505.10009765625,13926.0498046875
2023-09-15,93.93000030517578,4450.31982421875,13708.330078125
2023-09-18,94.43000030517578,4453.52978515625,13710.240234375
2023-09-19,94.33999633789062,4443.9501953125,13678.1904296875
2023-09-20,93.52999877929688,4402.2001953125,13469.1298828125
2023-09-21,93.30000305175781,4330.0,13223.98046875
2023-09-22,93.2699966430664,4320.06005859375,13211.8095703125
2023-09-25,93.29000091552734,4337.43994140625,13271.3203125
2023-09-26,93.95999908447266,4273.52978515625,13063.6103515625
2023-09-27,96.55000305175781,4274.509765625,13092.849609375
2023-09-28,95.37999725341797,4299.7001953125,13201.2802734375
2023-09-29,95.30999755859375,4288.0498046875,13219.3203125
2023-10-02,90.70999908447266,4288.39013671875,13307.76953125
2023-10-03,90.91999816894531,4229.4501953125,13059.4697265625
2023-10-04,85.80999755859375,4263.75,13236.009765625
2023-10-05,84.06999969482422,4258.18994140625,13219.830078125
2023-10-06,84.58000183105469,4308.5,13431.33984375
2023-10-09,88.1500015258789,4335.66015625,13484.240234375
2023-10-10,87.6500015258789,4358.240234375,13562.83984375
2023-10-11,85.81999969482422,4376.9501953125,13659.6796875
2023-10-12,86.0,4349.60986328125,13574.2197265625
2023-10-13,90.88999938964844,4327.77978515625,13407.23046875
2023-10-16,89.6500015258789,4373.6298828125,13567.98046875
2023-10-17,89.9000015258789,4373.2001953125,13533.75
2023-10-18,91.5,4314.60009765625,13314.2998046875
2023-10-19,92.37999725341797,4278.0,13186.1796875
2023-10-20,92.16000366210938,4224.16015625,12983.8095703125
2023-10-23,89.83000183105469,4217.0400390625,13018.330078125
2023-10-24,88.06999969482422,4247.68017578125,13139.8701171875
2023-10-25,90.12999725341797,4186.77001953125,12821.2197265625
2023-10-26,87.93000030517578,4137.22998046875,12595.6103515625
2023-10-27,90.4800033569336,4117.3701171875,12643.009765625
2023-10-30,87.44999694824219,4166.81982421875,12789.48046875
2023-10-31,87.41000366210938,4193.7998046875,12851.240234375
2023-11-01,84.62999725341797,4237.85986328125,13061.4697265625
2023-11-02,86.8499984741211,4317.77978515625,13294.1904296875
2023-11-03,84.88999938964844,4358.33984375,13478.2802734375
2023-11-06,85.18000030517578,4365.97998046875,13518.7802734375
2023-11-07,81.61000061035156,4378.3798828125,13639.8603515625
2023-11-08,79.54000091552734,4382.77978515625,13650.41015625
2023-11-09,80.01000213623047,4347.35009765625,13521.4501953125
2023-11-10,81.43000030517578,4415.240234375,13798.1103515625
2023-11-13,82.5199966430664,4411.5498046875,13767.740234375
2023-11-14,82.47000122070312,4495.7001953125,14094.3798828125
2023-11-15,81.18000030517578,4502.8798828125,14103.83984375
2023-11-16,77.41999816894531,4508.240234375,14113.669921875
2023-11-17,80.61000061035156,4514.02001953125,14125.48046875
2023-11-20,82.31999969482422,4547.3798828125,14284.5302734375
2023-11-21,82.44999694824219,4538.18994140625,14199.98046875
2023-11-22,81.95999908447266,4556.6201171875,14265.8603515625
2023-11-24,80.58000183105469,4559.33984375,14250.849609375
2023-11-27,79.9800033569336,4550.43017578125,14241.01953125
2023-11-28,81.68000030517578,4554.89013671875,14281.759765625
2023-11-29,83.0999984741211,4550.580078125,14258.490234375
2023-11-30,82.83000183105469,4567.7998046875,14226.2197265625
2023-12-01,78.87999725341797,4594.6298828125,14305.0302734375
2023-12-04,78.02999877929688,4569.77978515625,14185.490234375
2023-12-05,77.19999694824219,4567.18017578125,14229.91015625
2023-12-06,74.30000305175781,4549.33984375,14146.7099609375
2023-12-07,74.05000305175781,4585.58984375,14339.990234375
2023-12-08,75.83999633789062,4604.3701171875,14403.9697265625
2023-12-11,76.02999877929688,4622.43994140625,14432.490234375
2023-12-12,73.23999786376953,4643.7001953125,14533.400390625
2023-12-13,74.26000213623047,4707.08984375,14733.9599609375
2023-12-14,76.61000061035156,4719.5498046875,14761.5595703125
2023-12-15,76.55000305175781,4719.18994140625,14813.919921875
2023-12-18,77.94999694824219,4740.56005859375,14904.8095703125
2023-12-19,79.2300033569336,4768.3701171875,15003.2197265625
2023-12-20,79.69999694824219,4698.35009765625,14777.9404296875
2023-12-21,79.38999938964844,4746.75,14963.8701171875
2023-12-22,79.06999969482422,4754.6298828125,14992.9697265625
2023-12-26,81.06999969482422,4774.75,15074.5703125
2023-12-27,79.6500015258789,4781.580078125,15099.1796875
2023-12-28,78.38999938964844,4783.35009765625,15095.1396484375
2023-12-29,77.04000091552734,4769.830078125,15011.349609375
2024-01-02,75.88999938964844,4742.830078125,14765.9404296875
2024-01-03,78.25,4704.81005859375,14592.2099609375
2024-01-04,77.58999633789062,4688.68017578125,14510.2998046875
2024-01-05,78.76000213623047,4697.240234375,14524.0703125
2024-01-08,76.12000274658203,4763.5400390625,14843.76953125
2024-01-09,77.58999633789062,4756.5,14857.7099609375
2024-01-10,76.80000305175781,4783.4501953125,14969.650390625
2024-01-11,77.41000366210938,4780.240234375,14970.1904296875
2024-01-12,78.29000091552734,4783.830078125,14972.759765625
2024-01-16,78.29000091552734,4765.97998046875,14944.349609375
2024-01-17,77.87999725341797,4739.2099609375,14855.6201171875
2024-01-18,79.0999984741211,4780.93994140625,15055.650390625
2024-01-19,78.55999755859375,4839.81005859375,15310.9697265625
2024-01-22,80.05999755859375,4850.43017578125,15360.2900390625
2024-01-23,79.55000305175781,4864.60009765625,15425.9404296875
2024-01-24,80.04000091552734,4868.5498046875,15481.919921875
2024-01-25,82.43000030517578,4894.16015625,15510.5
2024-01-26,83.55000305175781,4890.97021484375,15455.3603515625
2024-01-29,82.4000015258789,4927.93017578125,15628.0400390625
2024-01-30,82.87000274658203,4924.97021484375,15509.900390625
2024-01-31,81.70999908447266,4845.64990234375,15164.009765625
2024-02-01,78.69999694824219,4906.18994140625,15361.6396484375
2024-02-02,77.33000183105469,4958.60986328125,15628.9501953125
2024-02-05,77.98999786376953,4942.81005859375,15597.6796875
2024-02-06,78.58999633789062,4954.22998046875,15609.0
2024-02-07,79.20999908447266,4995.06005859375,15756.6396484375
2024-02-08,81.62999725341797,4997.91015625,15793.7099609375
2024-02-09,82.19000244140625,5026.60986328125,15990.66015625
2024-02-12,82.0,5021.83984375,15942.5498046875
2024-02-13,82.7699966430664,4953.169921875,15655.599609375
2024-02-14,81.5999984741211,5000.6201171875,15859.150390625
2024-02-15,82.86000061035156,5029.72998046875,15906.169921875
2024-02-16,83.47000122070312,5005.56982421875,15775.650390625
2024-02-20,82.33999633789062,4975.509765625,15630.7802734375
2024-02-21,83.02999877929688,4981.7998046875,15580.8701171875
2024-02-22,83.66999816894531,5087.02978515625,16041.6201171875
2024-02-23,81.62000274658203,5088.7998046875,15996.8203125
2024-02-26,82.52999877929688,5069.52978515625,15976.25
2024-02-27,83.6500015258789,5078.18017578125,16035.2998046875
2024-02-28,83.68000030517578,5069.759765625,15947.740234375
2024-02-29,83.62000274658203,5096.27001953125,16091.919921875
2024-03-01,83.55000305175781,5137.080078125,16274.9404296875
2024-03-04,82.80000305175781,5130.9501953125,16207.509765625
2024-03-05,82.04000091552734,5078.64990234375,15939.58984375
2024-03-06,82.95999908447266,5104.759765625,16031.5400390625
2024-03-07,82.95999908447266,5157.35986328125,16273.3798828125
2024-03-08,82.08000183105469,5123.68994140625,16085.1103515625
2024-03-11,82.20999908447266,5117.93994140625,16019.26953125
2024-03-12,81.91999816894531,5175.27001953125,16265.6396484375
2024-03-13,84.02999877929688,5165.31005859375,16177.76953125
2024-03-14,85.41999816894531,5150.47998046875,16128.5302734375
2024-03-15,85.33999633789062,5117.08984375,15973.169921875
2024-03-18,86.88999938964844,5149.419921875,16103.4501953125
2024-03-19,87.37999725341797,5178.509765625,16166.7900390625
2024-03-20,85.94999694824219,5224.6201171875,16369.41015625
2024-03-21,85.77999877929688,5241.52978515625,16401.83984375
2024-03-22,85.43000030517578,5234.18017578125,16428.8203125
2024-03-25,86.75,5218.18994140625,16384.470703125
2024-03-26,86.25,5203.580078125,16315.7001953125
2024-03-27,86.08999633789062,5248.490234375,16399.51953125
2024-03-28,87.4800033569336,5254.35009765625,16379.4599609375
2024-04-01,87.41999816894531,5243.77001953125,16396.830078125
2024-04-02,88.91999816894531,5205.81005859375,16240.4501953125
2024-04-03,89.3499984741211,5211.490234375,16277.4599609375
2024-04-04,90.6500015258789,5147.2099609375,16049.080078125
2024-04-05,91.16999816894531,5204.33984375,16248.51953125
2024-04-08,90.37999725341797,5202.39013671875,16253.9599609375
2024-04-09,89.41999816894531,5209.91015625,16306.6396484375
2024-04-10,90.4800033569336,5160.64013671875,16170.3603515625
2024-04-11,89.73999786376953,5199.06005859375,16442.19921875
2024-04-12,90.44999694824219,5123.41015625,16175.08984375
2024-04-15,90.0999984741211,5061.81982421875,15885.01953125
2024-04-16,90.0199966430664,5051.41015625,15865.25
2024-04-17,87.29000091552734,5022.2099609375,15683.3701171875
2024-04-18,87.11000061035156,5011.1201171875,15601.5
2024-04-19,87.29000091552734,4967.22998046875,15282.009765625
2024-04-22,87.0,5010.60009765625,15451.3095703125
2024-04-23,88.41999816894531,5070.5498046875,15696.6396484375
2024-04-24,88.0199966430664,5071.6298828125,15712.75
2024-04-25,89.01000213623047,5048.419921875,15611.759765625
2024-04-26,89.5,5099.9599609375,15927.900390625
2024-04-29,88.4000015258789,5116.169921875,15983.080078125
2024-04-30,87.86000061035156,5035.68994140625,15657.8203125
2024-05-01,83.44000244140625,5018.39013671875,15605.48046875
2024-05-02,83.66999816894531,5064.2001953125,15840.9599609375
2024-05-03,82.95999908447266,5127.7900390625,16156.330078125
2024-05-06,83.33000183105469,5180.740234375,16349.25
2024-05-07,83.16000366210938,5187.7001953125,16332.5595703125
2024-05-08,83.58000183105469,5187.669921875,16302.759765625
2024-05-09,83.87999725341797,5214.080078125,16346.259765625
2024-05-10,82.79000091552734,5222.68017578125,16340.8701171875
2024-05-13,83.36000061035156,5221.419921875,16388.240234375
2024-05-14,82.37999725341797,5246.68017578125,16511.1796875
2024-05-15,82.75,5308.14990234375,16742.390625
2024-05-16,83.2699966430664,5297.10009765625,16698.3203125
2024-05-17,83.9800033569336,5303.27001953125,16685.970703125
2024-05-20,83.70999908447266,5308.1298828125,16794.869140625
2024-05-21,82.87999725341797,5321.41015625,16832.619140625
2024-05-22,81.9000015258789,5307.009765625,16801.5390625
2024-05-23,81.36000061035156,5267.83984375,16736.029296875
2024-05-24,82.12000274658203,5304.72021484375,16920.7890625
2024-05-28,84.22000122070312,5306.0400390625,17019.880859375
2024-05-29,83.5999984741211,5266.9501953125,16920.580078125
2024-05-30,81.86000061035156,5235.47998046875,16737.080078125
2024-05-31,81.62000274658203,5277.509765625,16735.01953125
2024-06-03,78.36000061035156,5283.39990234375,16828.669921875
2024-06-04,77.5199966430664,5291.33984375,16857.05078125
2024-06-05,78.41000366210938,5354.02978515625,17187.900390625
2024-06-06,79.87000274658203,5352.9599609375,17173.119140625
2024-06-07,79.62000274658203,5346.990234375,17133.130859375
2024-06-10,81.62999725341797,5360.7900390625,17192.529296875
2024-06-11,81.91999816894531,5375.31982421875,17343.55078125
2024-06-12,82.5999984741211,5421.02978515625,17608.439453125
2024-06-13,82.75,5433.740234375,17667.560546875
2024-06-14,82.62000274658203,5431.60009765625,17688.880859375
2024-06-17,84.25,5473.22998046875,17857.01953125
2024-06-18,85.33000183105469,5487.02978515625,17862.23046875
2024-06-20,85.70999908447266,5473.169921875,17721.58984375
2024-06-21,85.23999786376953,5464.6201171875,17689.359375
2024-06-24,86.01000213623047,5447.8701171875,17496.8203125
2024-06-25,85.01000213623047,5469.2998046875,17717.650390625
2024-06-26,85.25,5477.89990234375,17805.16015625
2024-06-27,86.38999938964844,5482.8701171875,17858.6796875
2024-06-28,86.41000366210938,5460.47998046875,17732.599609375
2024-07-01,86.5999984741211,5475.08984375,17879.30078125
2024-07-02,86.23999786376953,5509.009765625,18028.759765625
2024-07-03,87.33999633789062,5537.02001953125,18188.30078125
2024-07-05,86.54000091552734,5567.18994140625,18352.759765625
2024-07-08,85.75,5572.85009765625,18403.740234375
2024-07-09,84.66000366210938,5576.97998046875,18429.2890625
2024-07-10,85.08000183105469,5633.91015625,18647.44921875
2024-07-11,85.4000015258789,5584.5400390625,18283.41015625
2024-07-12,85.02999877929688,5615.35009765625,18398.44921875
2024-07-15,84.8499984741211,5631.22021484375,18472.5703125
2024-07-16,83.7300033569336,5667.2001953125,18509.33984375
2024-07-17,85.08000183105469,5588.27001953125,17996.919921875
2024-07-18,85.11000061035156,5544.58984375,17871.220703125
2024-07-19,82.62999725341797,5505.0,17726.939453125
2024-07-22,82.4000015258789,5564.41015625,18007.5703125
2024-07-23,81.01000213623047,5555.740234375,17997.349609375
2024-07-24,81.70999908447266,5427.1298828125,17342.41015625
2024-07-25,82.37000274658203,5399.22021484375,17181.720703125
2024-07-26,81.12999725341797,5459.10009765625,17357.880859375
2024-07-29,79.77999877929688,5463.5400390625,17370.19921875
2024-07-30,78.62999725341797,5436.43994140625,17147.419921875
2024-07-31,80.72000122070312,5522.2998046875,17599.400390625
2024-08-01,79.5199966430664,5446.68017578125,17194.150390625
2024-08-02,76.80999755859375,5346.56005859375,16776.16015625
2024-08-05,76.30000305175781,5186.330078125,16200.080078125
2024-08-06,76.4800033569336,5240.02978515625,16366.849609375
2024-08-07,78.33000183105469,5199.5,16195.8095703125
2024-08-08,79.16000366210938,5319.31005859375,16660.01953125
2024-08-09,79.66000366210938,5344.16015625,16745.30078125
2024-08-12,82.30000305175781,5344.39013671875,16780.609375
2024-08-13,80.69000244140625,5434.43017578125,17187.609375
2024-08-14,79.76000213623047,5455.2099609375,17192.599609375
2024-08-15,81.04000091552734,5543.22021484375,17594.5
2024-08-16,79.68000030517578,5554.25,17631.720703125
2024-08-19,77.66000366210938,5608.25,17876.76953125
2024-08-20,77.19999694824219,5597.1201171875,17816.939453125
2024-08-21,76.05000305175781,5620.85009765625,17918.990234375
2024-08-22,77.22000122070312,5570.64013671875,17619.349609375
2024-08-23,79.0199966430664,5634.60986328125,17877.7890625
2024-08-26,81.43000030517578,5616.83984375,17725.76953125
2024-08-27,79.55000305175781,5625.7998046875,17754.8203125
2024-08-28,78.6500015258789,5592.18017578125,17556.029296875
2024-08-29,79.94000244140625,5591.9599609375,17516.4296875
2024-08-30,78.80000305175781,5648.39990234375,17713.619140625
2024-09-03,73.75,5528.93017578125,17136.30078125
2024-09-04,72.69999694824219,5520.06982421875,17084.30078125
2024-09-05,72.69000244140625,5503.41015625,17127.66015625
2024-09-06,71.05999755859375,5408.419921875,16690.830078125
2024-09-09,71.83999633789062,5471.0498046875,16884.599609375
2024-09-10,69.19000244140625,5495.52001953125,17025.880859375
2024-09-11,70.61000061035156,5554.1298828125,17395.529296875
2024-09-12,71.97000122070312,5595.759765625,17569.6796875
2024-09-13,71.61000061035156,5626.02001953125,17683.98046875
2024-09-16,72.75,5633.08984375,17592.130859375
2024-09-17,73.69999694824219,5634.580078125,17628.060546875
2024-09-18,73.6500015258789,5618.259765625,17573.30078125
2024-09-19,74.87999725341797,5713.64013671875,18013.98046875
2024-09-20,74.48999786376953,5702.5498046875,17948.3203125
2024-09-23,73.9000015258789,5718.56982421875,17974.26953125
2024-09-24,75.16999816894531,5732.93017578125,18074.51953125
2024-09-25,73.45999908447266,5722.259765625,18082.2109375
2024-09-26,71.5999984741211,5745.3701171875,18190.2890625
2024-09-27,71.9800033569336,5738.169921875,18119.58984375
2024-09-30,71.7699966430664,5762.47998046875,18189.169921875
2024-10-01,73.55999755859375,5708.75,17910.359375
2024-10-02,73.9000015258789,5709.5400390625,17925.119140625
2024-10-03,77.62000274658203,5699.93994140625,17918.48046875
2024-10-04,78.05000305175781,5751.06982421875,18137.849609375
2024-10-07,80.93000030517578,5695.93994140625,17923.900390625
2024-10-08,77.18000030517578,5751.1298828125,18182.919921875
2024-10-09,76.58000183105469,5792.0400390625,18291.619140625
2024-10-10,79.4000015258789,5780.0498046875,18282.05078125
2024-10-11,79.04000091552734,5815.02978515625,18342.939453125
2024-10-14,77.45999908447266,5859.85009765625,18502.689453125
2024-10-15,74.25,5815.259765625,18315.58984375
2024-10-16,74.22000122070312,5842.47021484375,18367.080078125
2024-10-17,74.44999694824219,5841.47021484375,18373.609375
2024-10-18,73.05999755859375,5864.669921875,18489.55078125
2024-10-21,74.29000091552734,5853.97998046875,18540.009765625
2024-10-22,76.04000091552734,5851.2001953125,18579.76953125
2024-10-23,74.95999908447266,5797.419921875,18276.650390625
2024-10-24,74.37999725341797,5809.85986328125,18415.490234375
2024-10-25,76.05000305175781,5808.1201171875,18518.609375
2024-10-28,71.41999816894531,5823.52001953125,18567.189453125
2024-10-29,71.12000274658203,5832.919921875,18712.75
2024-10-30,72.55000305175781,5813.669921875,18607.9296875
2024-10-31,73.16000366210938,5705.4501953125,18095.150390625
2024-11-01,73.0999984741211,5728.7998046875,18239.919921875
2024-11-04,75.08000183105469,5712.68994140625,18179.98046875
2024-11-05,75.52999877929688,5782.759765625,18439.169921875
2024-11-06,74.91999816894531,5929.0400390625,18983.470703125
2024-11-07,75.62999725341797,5973.10009765625,19269.4609375
2024-11-08,73.87000274658203,5995.5400390625,19286.779296875
2024-11-11,71.83000183105469,6001.35009765625,19298.759765625
2024-11-12,71.88999938964844,5983.990234375,19281.400390625
2024-11-13,72.27999877929688,5985.3798828125,19230.720703125
2024-11-14,72.55999755859375,5949.169921875,19107.650390625
2024-11-15,71.04000091552734,5870.6201171875,18680.119140625
2024-11-18,73.30000305175781,5893.6201171875,18791.810546875
2024-11-19,73.30999755859375,5916.97998046875,18987.470703125
2024-11-20,72.80999755859375,5917.10986328125,18966.140625
2024-11-21,74.2300033569336,5948.7099609375,18972.419921875
2024-11-22,75.16999816894531,5969.33984375,19003.650390625
2024-11-25,73.01000213623047,5987.3701171875,19054.83984375
2024-11-26,72.80999755859375,6021.6298828125,19174.30078125
2024-11-27,72.83000183105469,5998.740234375,19060.48046875
2024-11-29,72.94000244140625,6032.3798828125,19218.169921875
2024-12-02,71.83000183105469,6047.14990234375,19403.94921875
2024-12-03,73.62000274658203,6049.8798828125,19480.91015625
2024-12-04,72.30999755859375,6086.490234375,19735.119140625
2024-12-05,72.08999633789062,6075.10986328125,19700.259765625
2024-12-06,71.12000274658203,6090.27001953125,19859.76953125
2024-12-09,72.13999938964844,6052.85009765625,19736.689453125
2024-12-10,72.19000244140625,6034.91015625,19687.240234375
2024-12-11,73.5199966430664,6084.18994140625,20034.890625
2024-12-12,73.41000366210938,6051.25,19902.83984375
2024-12-13,74.48999786376953,6051.08984375,19926.720703125
2024-12-16,73.91000366210938,6074.080078125,20173.890625
2024-12-17,73.19000244140625,6050.60986328125,20109.060546875
2024-12-18,73.38999938964844,5872.16015625,19392.689453125
2024-12-19,72.87999725341797,5867.080078125,19372.76953125
2024-12-20,72.94000244140625,5930.85009765625,19572.599609375
2024-12-23,72.62999725341797,5974.06982421875,19764.880859375
2024-12-24,73.58000183105469,6040.0400390625,20031.130859375
2024-12-26,73.26000213623047,6037.58984375,20020.359375
2024-12-27,74.16999816894531,5970.83984375,19722.029296875
2024-12-30,74.38999938964844,5906.93994140625,19486.7890625
2024-12-31,74.63999938964844,5881.6298828125,19310.7890625
2025-01-02,75.93000030517578,5868.5498046875,19280.7890625
2025-01-03,76.51000213623047,5942.47021484375,19621.6796875
2025-01-06,76.30000305175781,5975.3798828125,19864.98046875
2025-01-07,77.05000305175781,5909.02978515625,19489.6796875
2025-01-08,76.16000366210938,5918.25,19478.880859375
2025-01-10,79.76000213623047,5827.0400390625,19161.630859375
2025-01-13,81.01000213623047,5836.22021484375,19088.099609375
2025-01-14,79.91999816894531,5842.91015625,19044.390625
2025-01-15,82.02999877929688,5949.91015625,19511.23046875
2025-01-16,81.29000091552734,5937.33984375,19338.2890625
2025-01-17,80.79000091552734,5996.66015625,19630.19921875
2025-01-21,79.29000091552734,6049.240234375,19756.779296875
2025-01-22,79.0,6086.3701171875,20009.33984375
2025-01-23,78.29000091552734,6118.7099609375,20053.6796875
2025-01-24,78.5,6101.240234375,19954.30078125
2025-01-27,77.08000183105469,6012.27978515625,19341.830078125
2025-01-28,77.48999786376953,6067.7001953125,19733.58984375
2025-01-29,76.58000183105469,6039.31005859375,19632.3203125
2025-01-30,76.87000274658203,6071.169921875,19681.75
2025-01-31,76.76000213623047,6040.52978515625,19627.439453125
2025-02-03,75.95999908447266,5994.56982421875,19391.9609375
2025-02-04,76.19999694824219,6037.8798828125,19654.01953125
2025-02-05,74.61000061035156,6061.47998046875,19692.330078125
2025-02-06,74.29000091552734,6083.56982421875,19791.990234375
2025-02-07,74.66000366210938,6025.990234375,19523.400390625
2025-02-10,75.87000274658203,6066.43994140625,19714.26953125
2025-02-11,77.0,6068.5,19643.859375
2025-02-12,75.18000030517578,6051.97021484375,19649.94921875
2025-02-13,75.0199966430664,6115.06982421875,19945.640625
2025-02-14,74.73999786376953,6114.6298828125,20026.76953125
2025-02-18,75.83999633789062,6129.580078125,20041.259765625
2025-02-19,76.04000091552734,6144.14990234375,20056.25
2025-02-20,76.4800033569336,6117.52001953125,19962.359375
2025-02-21,74.43000030517578,6013.1298828125,19524.009765625
2025-02-24,74.77999877929688,5983.25,19286.9296875
2025-02-25,73.0199966430664,5955.25,19026.390625
2025-02-26,72.52999877929688,5956.06005859375,19075.259765625
2025-02-27,74.04000091552734,5861.56982421875,18544.419921875
2025-02-28,73.18000030517578,5954.5,18847.279296875
2025-03-03,71.62000274658203,5849.72021484375,18350.189453125
2025-03-04,71.04000091552734,5778.14990234375,18285.16015625
2025-03-05,69.30000305175781,5842.6298828125,18552.73046875
2025-03-06,69.45999908447266,5738.52001953125,18069.259765625
2025-03-07,70.36000061035156,5770.2001953125,18196.220703125
2025-03-10,69.27999877929688,5614.56005859375,17468.3203125
2025-03-11,69.55999755859375,5572.06982421875,17436.099609375
2025-03-12,70.94999694824219,5599.2998046875,17648.44921875
2025-03-13,69.87999725341797,5521.52001953125,17303.009765625
2025-03-14,70.58000183105469,5638.93994140625,17754.08984375
2025-03-17,71.06999969482422,5675.1201171875,17808.66015625
2025-03-18,70.55999755859375,5614.66015625,17504.119140625
2025-03-19,70.77999877929688,5675.2900390625,17750.7890625
2025-03-20,72.0,5662.89013671875,17691.630859375
2025-03-21,72.16000366210938,5667.56005859375,17784.05078125
2025-03-24,73.0,5767.56982421875,18188.58984375
2025-03-25,73.0199966430664,5776.64990234375,18271.859375
2025-03-26,73.79000091552734,5712.2001953125,17899.01953125
2025-03-27,74.02999877929688,5693.31005859375,17804.029296875
2025-03-28,73.62999725341797,5580.93994140625,17322.990234375
2025-03-31,74.73999786376953,5611.85009765625,17299.2890625
2025-04-01,74.48999786376953,5633.06982421875,17449.890625
2025-04-02,74.94999694824219,5670.97021484375,17601.05078125
2025-04-03,70.13999938964844,5396.52001953125,16550.609375
2025-04-04,65.58000183105469,5074.080078125,15587.7900390625
2025-04-07,64.20999908447266,5062.25,15603.259765625
2025-04-08,62.81999969482422,4982.77001953125,15267.91015625
2025-04-09,65.4800033569336,5456.89990234375,17124.970703125
2025-04-10,63.33000183105469,5268.0498046875,16387.310546875
2025-04-11,64.76000213623047,5363.35986328125,16724.4609375
2025-04-14,64.87999725341797,5405.97021484375,16831.48046875
2025-04-15,64.66999816894531,5396.6298828125,16823.169921875
2025-04-16,65.8499984741211,5275.7001953125,16307.16015625
2025-04-17,67.95999908447266,5282.7001953125,16286.4501953125
2025-04-21,66.26000213623047,5158.2001953125,15870.900390625
2025-04-22,67.44000244140625,5287.759765625,16300.419921875
2025-04-23,66.12000274658203,5375.85986328125,16708.05078125
2025-04-24,66.55000305175781,5484.77001953125,17166.0390625
2025-04-25,66.87000274658203,5525.2099609375,17382.939453125
2025-04-28,65.86000061035156,5528.75,17366.130859375
2025-04-29,64.25,5560.830078125,17461.3203125
2025-04-30,63.119998931884766,5569.06005859375,17446.33984375
2025-05-01,62.130001068115234,5604.14013671875,17710.740234375
2025-05-02,61.290000915527344,5686.669921875,17977.73046875
2025-05-05,60.22999954223633,5650.3798828125,17844.240234375
2025-05-06,62.150001525878906,5606.91015625,17689.66015625
2025-05-07,61.119998931884766,5631.27978515625,17738.16015625
2025-05-08,62.84000015258789,5663.93994140625,17928.140625
2025-05-09,63.90999984741211,5659.91015625,17928.919921875
2025-05-12,64.95999908447266,5844.18994140625,18708.33984375
2025-05-13,66.62999725341797,5886.5498046875,19010.08984375
2025-05-14,66.08999633789062,5892.580078125,19146.810546875
2025-05-15,64.52999877929688,5916.93017578125,19112.3203125
2025-05-16,65.41000366210938,5958.3798828125,19211.099609375
2025-05-19,65.54000091552734,5963.60009765625,19215.4609375
2025-05-20,65.37999725341797,5940.4599609375,19142.7109375
2025-05-21,64.91000366210938,5844.60986328125,18872.640625
2025-05-22,64.44000244140625,5842.009765625,18925.740234375
2025-05-23,64.77999877929688,5802.81982421875,18737.2109375
2025-05-27,64.08999633789062,5921.5400390625,19199.16015625
2025-05-28,64.9000015258789,5888.5498046875,19100.939453125
2025-05-29,64.1500015258789,5912.169921875,19175.869140625
2025-05-30,63.900001525878906,5911.68994140625,19113.76953125
2025-06-02,64.62999725341797,5935.93994140625,19242.609375
2025-06-03,65.62999725341797,5970.3701171875,19398.9609375
2025-06-04,64.86000061035156,5970.81005859375,19460.490234375
2025-06-05,65.33999633789062,5939.2998046875,19298.44921875
2025-06-06,66.47000122070312,6000.35986328125,19529.94921875
2025-06-09,67.04000091552734,6005.8798828125,19591.240234375
2025-06-10,66.87000274658203,6038.81005859375,19714.990234375
2025-06-11,69.7699966430664,6022.240234375,19615.880859375
2025-06-12,69.36000061035156,6045.259765625,19662.490234375
2025-06-13,74.2300033569336,5976.97021484375,19406.830078125
2025-06-16,73.2300033569336,6033.10986328125,19701.2109375
2025-06-17,76.44999694824219,5982.72021484375,19521.08984375
2025-06-18,76.69999694824219,5980.8701171875,19546.26953125
2025-06-20,77.01000213623047,5967.83984375,19447.41015625
2025-06-23,71.4800033569336,6025.169921875,19630.970703125
2025-06-24,67.13999938964844,6092.18017578125,19912.529296875
2025-06-25,67.68000030517578,6092.16015625,19973.55078125
2025-06-26,67.7300033569336,6141.02001953125,20167.91015625
2025-06-27,67.7699966430664,6173.06982421875,20273.4609375
2025-06-30,67.61000061035156,6204.9501953125,20369.73046875
2025-07-01,67.11000061035156,6198.009765625,20202.890625
2025-07-02,69.11000061035156,6227.419921875,20393.130859375
2025-07-03,68.80000305175781,6279.35009765625,20601.099609375
2025-07-07,69.58000183105469,6229.97998046875,20412.51953125
2025-07-08,70.1500015258789,6225.52001953125,20418.4609375
2025-07-09,70.19000244140625,6263.259765625,20611.33984375
2025-07-10,68.63999938964844,6280.4599609375,20630.66015625
2025-07-11,70.36000061035156,6259.75,20585.529296875
2025-07-14,69.20999908447266,6268.56005859375,20640.330078125
2025-07-15,68.70999908447266,6243.759765625,20677.80078125
2025-07-16,68.5199966430664,6263.7001953125,20730.490234375
2025-07-17,69.5199966430664,6297.35986328125,20885.650390625
2025-07-18,69.27999877929688,6296.7900390625,20895.650390625
2025-07-21,69.20999908447266,6305.60009765625,20974.1796875
2025-07-22,68.58999633789062,6309.6201171875,20892.689453125
2025-07-23,68.51000213623047,6358.91015625,21020.01953125
2025-07-24,69.18000030517578,6363.35009765625,21057.9609375
2025-07-25,68.44000244140625,6388.64013671875,21108.3203125
2025-07-28,70.04000091552734,6389.77001953125,21178.580078125
2025-07-29,72.51000213623047,6370.85986328125,21098.2890625
2025-07-30,73.23999786376953,6362.89990234375,21129.669921875
2025-07-31,72.52999877929688,6339.39013671875,21122.44921875
2025-08-01,69.66999816894531,6238.009765625,20650.130859375
2025-08-04,68.76000213623047,6329.93994140625,21053.580078125
2025-08-05,67.63999938964844,6299.18994140625,20916.55078125
2025-08-06,66.88999938964844,6345.06005859375,21169.419921875
2025-08-07,66.43000030517578,6340.0,21242.69921875
2025-08-08,66.58999633789062,6389.4501953125,21450.01953125
2025-08-11,66.62999725341797,6373.4501953125,21385.400390625
2025-08-12,66.12000274658203,6445.759765625,21681.900390625
2025-08-13,65.62999725341797,6466.580078125,21713.140625
2025-08-14,66.83999633789062,6468.5400390625,21710.669921875
2025-08-15,65.8499984741211,6449.7998046875,21622.98046875
2025-08-18,66.5999984741211,6449.14990234375,21629.76953125
2025-08-19,65.79000091552734,6411.3701171875,21314.94921875
2025-08-20,66.83999633789062,6395.77978515625,21172.859375
2025-08-21,67.66999816894531,6370.169921875,21100.310546875
2025-08-22,67.7300033569336,6466.91015625,21496.5390625
2025-08-25,68.80000305175781,6439.31982421875,21449.2890625
2025-08-26,67.22000122070312,6465.93994140625,21544.26953125
2025-08-27,68.05000305175781,6481.39990234375,21590.140625
2025-08-28,68.62000274658203,6501.85986328125,21705.16015625
2025-08-29,68.12000274658203,6460.259765625,21455.55078125
2025-09-02,69.13999938964844,6415.5400390625,21279.630859375
2025-09-03,67.5999984741211,6448.259765625,21497.73046875
2025-09-04,66.98999786376953,6502.080078125,21707.689453125
2025-09-05,65.5,6481.5,21700.390625
2025-09-08,66.0199966430664,6495.14990234375,21798.69921875
2025-09-09,66.38999938964844,6512.60986328125,21879.490234375
2025-09-10,67.48999786376953,6532.0400390625,21886.060546875
2025-09-11,66.37000274658203,6587.47021484375,22043.0703125
2025-09-12,66.98999786376953,6584.2900390625,22141.099609375
2025-09-15,67.44000244140625,6615.27978515625,22348.75
2025-09-16,68.47000122070312,6606.759765625,22333.9609375
2025-09-17,67.94999694824219,6600.35009765625,22261.330078125
2025-09-18,67.44000244140625,6631.9599609375,22470.720703125
2025-09-19,66.68000030517578,6664.35986328125,22631.48046875
2025-09-22,66.56999969482422,6693.75,22788.98046875
2025-09-23,67.62999725341797,6656.919921875,22573.470703125
2025-09-24,69.30999755859375,6637.97021484375,22497.859375
2025-09-25,69.41999816894531,6604.72021484375,22384.69921875
2025-09-26,70.12999725341797,6643.7001953125,22484.0703125
2025-09-29,67.97000122070312,6661.2099609375,22591.150390625
2025-09-30,67.0199966430664,6688.4599609375,22660.009765625
2025-10-01,65.3499984741211,6711.2001953125,22755.16015625
2025-10-02,64.11000061035156,6715.35009765625,22844.05078125
2025-10-03,64.52999877929688,6715.7900390625,22780.509765625
2025-10-06,65.47000122070312,6740.27978515625,22941.669921875
2025-10-07,65.44999694824219,6714.58984375,22788.359375
2025-10-08,66.25,6753.72021484375,23043.380859375
2025-10-09,65.22000122070312,6735.10986328125,23024.630859375
2025-10-10,62.72999954223633,6552.509765625,22204.4296875
2025-10-13,63.31999969482422,6654.72021484375,22694.609375
2025-10-14,62.38999938964844,6644.31005859375,22521.69921875
2025-10-15,61.90999984741211,6671.06005859375,22670.080078125
2025-10-16,61.060001373291016,6629.06982421875,22562.5390625
2025-10-17,61.290000915527344,6664.009765625,22679.970703125
2025-10-20,61.0099983215332,6735.1298828125,22990.5390625
2025-10-21,61.31999969482422,6735.35009765625,22953.669921875
2025-10-22,62.59000015258789,6699.39990234375,22740.400390625
2025-10-23,65.98999786376953,6738.43994140625,22941.80078125
2025-10-24,65.94000244140625,6791.68994140625,23204.869140625
2025-10-27,65.62000274658203,6875.16015625,23637.4609375
2025-10-28,64.4000015258789,6890.89013671875,23827.490234375
2025-10-29,64.91999816894531,6890.58984375,23958.470703125
2025-10-30,65.0,6822.33984375,23581.140625
2025-10-31,65.06999969482422,6840.2001953125,23724.9609375
2025-11-03,64.88999938964844,6851.97021484375,23834.720703125
2025-11-04,64.44000244140625,6771.5498046875,23348.640625
2025-11-05,63.52000045776367,6796.2900390625,23499.80078125
2025-11-06,63.380001068115234,6720.31982421875,23053.990234375
2025-11-07,63.630001068115234,6728.7998046875,23004.5390625
2025-11-10,64.05999755859375,6832.43017578125,23527.169921875
2025-11-11,65.16000366210938,6846.60986328125,23468.30078125
2025-11-12,62.709999084472656,6850.919921875,23406.4609375
2025-11-13,63.0099983215332,6737.490234375,22870.359375
2025-11-14,64.38999938964844,6734.10986328125,22900.58984375
2025-11-17,64.19999694824219,6672.41015625,22708.0703125
2025-11-18,64.88999938964844,6617.31982421875,22432.849609375
2025-11-19,63.5099983215332,6642.16015625,22564.23046875
2025-11-20,63.380001068115234,6538.759765625,22078.05078125
2025-11-21,62.560001373291016,6602.990234375,22273.080078125
2025-11-24,63.369998931884766,6705.1201171875,22872.009765625
2025-11-25,62.47999954223633,6765.8798828125,23025.58984375
2025-11-26,63.130001068115234,6812.60986328125,23214.689453125
2025-11-28,63.20000076293945,6849.08984375,23365.689453125
2025-12-01,63.16999816894531,6812.6298828125,23275.919921875
2025-12-02,62.45000076293945,6829.3701171875,23413.669921875
2025-12-03,62.66999816894531,6849.72021484375,23454.08984375
2025-12-04,63.2599983215332,6857.1201171875,23505.140625
2025-12-05,63.75,6870.39990234375,23578.130859375
2025-12-08,62.4900016784668,6846.509765625,23545.900390625
2025-12-09,61.939998626708984,6840.509765625,23576.490234375
2025-12-10,62.209999084472656,6886.68017578125,23654.150390625
2025-12-11,61.279998779296875,6901.0,23593.859375
2025-12-12,61.119998931884766,6827.41015625,23195.169921875
2025-12-15,60.560001373291016,6816.509765625,23057.41015625
2025-12-16,58.91999816894531,6800.259765625,23111.4609375
2025-12-17,59.68000030517578,6721.43017578125,22693.3203125
2025-12-18,59.81999969482422,6774.759765625,23006.359375
2025-12-19,60.470001220703125,6834.5,23307.619140625
2025-12-22,62.06999969482422,6878.490234375,23428.830078125
2025-12-23,62.380001068115234,6909.7900390625,23561.83984375
2025-12-24,62.2400016784668,6932.0498046875,23613.310546875
2025-12-26,60.63999938964844,6929.93994140625,23593.099609375
2025-12-29,61.939998626708984,6905.740234375,23474.349609375
2025-12-30,61.91999816894531,6896.240234375,23419.080078125
2025-12-31,60.849998474121094,6845.5,23241.990234375
